bootstrap_draw,raw_D1_prior_testing_treatment,raw_D2_prior_utilization,raw_D3_triage_urgency_pain,raw_D4_patient_vulnerability,raw_D5_respiratory_status,raw_D6_prior_medication_device,raw_D7_circulatory_status,raw_D8_arrival_mode,raw_D9_thermal_inflammatory,raw_D10_consciousness_neurologic,weight_D1_prior_testing_treatment,weight_D2_prior_utilization,weight_D3_triage_urgency_pain,weight_D4_patient_vulnerability,weight_D5_respiratory_status,weight_D6_prior_medication_device,weight_D7_circulatory_status,weight_D8_arrival_mode,weight_D9_thermal_inflammatory,weight_D10_consciousness_neurologic
1,0.0049638341134542584,0.00052590098865493921,0.025408879214940665,0.037950027036974712,0.0026644705865121218,6.4179638805577886e-06,0.0052391295122141439,0.017946740329559441,0.0019450069990476322,0.00028970943432691187,0.05120515952610976,0.0054250088547531288,0.26210902375931716,0.39147907525382608,0.027485737499804881,6.6205448616025818e-05,0.054045009627485194,0.18513223458816683,0.020064005240563478,0.0029885402013576459
2,0.004960072657633814,0.0007030137929522187,0.026393274056109809,0.038547075738584881,0.0026313436878596923,1.9106107965980042e-05,0.0050866750228724198,0.017172042291732623,0.0023322795577406063,0.00024838594873994864,0.050564862555473163,0.0071667893333217346,0.26906304950637183,0.39296351508826149,0.026824915902806543,0.00019477491358577907,0.051855495100469343,0.17505831430551119,0.023776142693512935,0.0025321406006858418
3,0.0046330847380604097,0.00047397123177775785,0.024383061213301381,0.038612769808697676,0.0024516013875049473,1.9403705704683327e-05,0.0052716128721649238,0.017060592886395103,0.0024823621407676984,0.00027335022555620577,0.048431915807290907,0.0049546546394807212,0.25488814355271461,0.40363829331644019,0.02562779631835195,0.00020283648889877476,0.055106764764291175,0.1783427770074125,0.025949353616873127,0.0028574644882459989
4,0.0050196977443786499,0.0004818632791427596,0.025418830735055534,0.039324754945965316,0.0024582611446494749,2.4479054293707331e-05,0.0045191217586052343,0.017007928985428859,0.0023213597388705275,0.00025492141219921684,0.051839662937835318,0.0049763215326768138,0.26250656606860617,0.40611649253079773,0.025387072218544558,0.0002528012617978528,0.046670090645095481,0.17564509872384926,0.023973257464609623,0.0026326366161873696
5,0.0051894451397085555,0.00064692953638022265,0.024946538964641232,0.038923876711913816,0.0022758647749572098,1.1991549768312559e-05,0.0048990760295595992,0.017344113763331229,0.002523485943642999,0.00038456953371807361,0.053419089944704824,0.0066593607141826614,0.25679458456248272,0.40067444882693182,0.023427287858804179,0.00012343856778604821,0.050430089542037086,0.17853676996123277,0.025976249669966516,0.0039586803518714348
6,0.0040598002584706361,0.00055214637908101874,0.025136451555098829,0.038925977291533603,0.0025607235211888265,1.910382615939305e-05,0.0053558132542537483,0.016837830228381052,0.0023916876319071082,0.00032434959231494929,0.042217515652328459,0.0057417229708760543,0.26139180979587012,0.40478790850823043,0.026628744877660551,0.00019865905427755205,0.055694643947232822,0.1750951564020321,0.024870955122692533,0.0033728836687992856
7,0.0046416487701446511,0.00060058236942064002,0.024905106764894266,0.040650896093668065,0.0029038761755230177,2.1971155218598595e-05,0.0052029718376176608,0.017177702600913409,0.0025032118202911176,0.00022209755213122983,0.046965958826170412,0.0060769196961567209,0.25199929525149106,0.41132115046323248,0.029382518077011036,0.00022231246319138082,0.052645638048063687,0.17381049558766112,0.025328444504712479,0.0022472670823095275
8,0.0047925100584921563,0.00065003687750924029,0.025779461482546378,0.039832163630647559,0.0025073603223778052,1.6512255198488227e-05,0.0048737303560915666,0.017089532525996983,0.002550799832000912,0.00026705493838985515,0.048724592070902031,0.0066088085994848592,0.26209517125975573,0.40496647905113603,0.025491883666710916,0.00016787714347961177,0.04955034430096697,0.17374621875568835,0.025933525386877036,0.0027150997649986182
9,0.0053687529155514897,0.00055981324384335104,0.025168920553573618,0.03963370101125268,0.0024717767263484152,3.2953984112029512e-05,0.0046826410938443815,0.017355106736845722,0.0022831243727430618,0.00033592723737192981,0.054843230753693066,0.0057186403237409139,0.25710717916308024,0.40486873662721506,0.025249852900114167,0.00033663366210696986,0.047834417058482369,0.17728700472817924,0.023322719220514963,0.0034315855628731032
10,0.0046184250617054782,0.00057414055193521075,0.025192052774411409,0.040231650197882184,0.003208102192235275,1.7827622346367454e-05,0.005091431069433122,0.016375619646723856,0.0025530668644730835,0.0003800320097264031,0.047010532180425613,0.0058441248980384067,0.25642763319085149,0.40951433898566908,0.032654982885113218,0.00018146576004091233,0.051825217674013269,0.16668595551325077,0.025987437359602669,0.0038683115529945552
11,0.0044218786496445601,0.00063573952368946199,0.025656887932148806,0.039552502507888734,0.0029573789680385383,1.9679735396543248e-05,0.0049092686555483236,0.018323248408694343,0.0024474847406997574,0.00031134978979845032,0.044559479852510686,0.0064063771853084218,0.25854567062409251,0.39857243453714297,0.029801647440764752,0.0001983136224182676,0.049470931945419107,0.18464423901940277,0.024663419246320688,0.0031374865266197826
12,0.0047270148945718037,0.00065132402537710276,0.024340705795740339,0.039555160976746322,0.0027426683108701332,1.645334000749762e-05,0.0047329411236450864,0.016940085111938744,0.0025439323032832692,0.00030667782842753977,0.048955711871172786,0.0067454899196001516,0.25208648719208065,0.40965622215812031,0.028404666069349705,0.00017040034581876606,0.049017087341626103,0.17544136083970183,0.026346440541644648,0.0031761337208850932
13,0.0049848331546040198,0.00059074791729480844,0.024096665752793889,0.039266359410426582,0.0024889681150938275,3.228020029450377e-05,0.0045524644835884922,0.016372834825848337,0.0025857675282692613,0.00036264016856073716,0.052288334487906214,0.006196641640656606,0.25276162307692118,0.4118839028901915,0.026107994650043157,0.00033860268899405156,0.04775300963530394,0.17174261150515963,0.027123370679163671,0.0038039087456600718
14,0.0050203367876259317,0.00059390719718217962,0.024471578423367786,0.038335772509774893,0.0026876149604609465,1.8447795169806798e-05,0.0048676746061747751,0.016757087551053696,0.0024864998810958916,0.00033179181599191825,0.052530076499016705,0.0062143222299732839,0.25605730073720689,0.40112469497084757,0.02812174271273904,0.00019302770561064348,0.050932702376646655,0.17533705968237109,0.026017383792000571,0.003471689293587247
15,0.0050199973752910673,0.00067444258074702884,0.027032148945155789,0.04103838658912861,0.0028636024744722165,2.5492479219966578e-05,0.0047997609040961583,0.01774124267810126,0.0022067270246147537,0.00037745275399001096,0.049322403020540605,0.006626523142333255,0.26559586491954074,0.4032097412290756,0.028135424140206186,0.00025046832499729047,0.047158538942530574,0.17431099182672166,0.02168150130916284,0.0037085431448913558
16,0.0050988425431688685,0.00070890567746937912,0.025563025855030761,0.039331092206592443,0.0026673060084624269,1.2419983056166687e-05,0.0049127392865342756,0.01692916785069451,0.0021338478676621417,0.00033447642738949131,0.052193135000841981,0.0072565507590723896,0.26167006495800449,0.40260372582390924,0.027303267635661474,0.00012713431467444491,0.050288131597542349,0.1732915530539357,0.021842645440651808,0.0034237914157061802
17,0.0049443312104762984,0.00063838889226333791,0.025717345648498521,0.038742130618249972,0.0026346122306285073,9.9882135314582402e-06,0.0051114842787323882,0.017657756545065264,0.0025755350106760697,0.000361810718681451,0.050250647363595538,0.0064881282706121726,0.2613727139824652,0.39374731605500507,0.026776315037433635,0.00010151306103808746,0.051949471639542583,0.17946081271784758,0.026175896412410832,0.003677185460049151
18,0.0044725204404553673,0.0006130484055272403,0.025810188890297996,0.03968521747072825,0.0026041201365155646,5.5279206062872742e-06,0.0047302758153078992,0.016963565491208091,0.0024479651230744854,0.00030116617618656068,0.045809236058608295,0.0062790722810629552,0.26435765947501189,0.40647091932992996,0.026672377610524912,5.6619041396907821e-05,0.048449263526161364,0.17374721621245273,0.025072979247187474,0.003084657217663587
19,0.0051820985614637041,0.00066200559149817999,0.025114907958829299,0.039624493245075644,0.0024642287858899063,2.3719218019925648e-05,0.0050050181943825057,0.016556720187309928,0.0023033906535813906,0.00042103389535135156,0.053227459328432251,0.0067997308964172455,0.25796551842084625,0.40699941878686996,0.025311104356891854,0.00024362981473305051,0.051408594263462115,0.17006086239574603,0.023659069945663979,0.0043246117909373598
20,0.0048721213378011404,0.00052382603624227841,0.024881531057322853,0.038724040265305001,0.0025171237277003826,2.4329923288345806e-05,0.0052412558186391801,0.016878604522174268,0.0025475368552083997,0.00030319117161263433,0.050481210118994778,0.0054274863797380115,0.25780347210192489,0.40122900842439246,0.026080518727577055,0.00025208813256943956,0.054305900433001014,0.17488324331919006,0.026395636388583603,0.0031414359740287536
21,0.0048853162127997759,0.00074620041102959483,0.025037359314974337,0.040211412662286693,0.0024658359657888243,1.5483512002028974e-05,0.0047526208014022362,0.017069414302204846,0.0026577928240597844,0.00024732609964962446,0.049805055216321219,0.0076073996144604833,0.25525206738634482,0.40994923168416586,0.025138822356827562,0.0001578520481812732,0.048452245694126678,0.17402008074813202,0.027095793309964214,0.0025214519414757412
22,0.0046599048566189644,0.0005049286895833805,0.026206164006844192,0.038856167493059458,0.0026340729228619274,2.1369727283622735e-05,0.0050617939970570786,0.016891592185617949,0.0024150846014755595,0.00033934587953374673,0.047749611574924265,0.005173957310822706,0.26853212473172416,0.39815553367970818,0.026991100204123125,0.00021897360754172233,0.051867732210980261,0.17308657377406089,0.024747147246416037,0.003477245659698756
23,0.0044831959360643516,0.0004471522126017907,0.024770260282941714,0.038595786713147451,0.0023748047751101756,1.5253932831169086e-05,0.0045199844458147483,0.015809432891801617,0.0023642623406560977,0.00030525480582229293,0.047853737019775432,0.004772913050157989,0.26439833065423857,0.41197231925216254,0.025348721046797015,0.0001628208315295917,0.04824641842296442,0.16875025201334476,0.02523619085781836,0.0032582968512114888
24,0.0052042864397754511,0.00067893182724813612,0.024816469187186909,0.039812161182586951,0.0026055220685954296,2.8082821851717333e-05,0.0050886660313865101,0.017034930726731581,0.0023369370565524089,0.00032309627831377083,0.053143420191266041,0.0069328926826380671,0.25341265607493807,0.40654073040221006,0.026606213111313295,0.00028676692166979863,0.0519627657409771,0.17395170154755471,0.02386356504279262,0.0032992882846401921
25,0.0051827426422448551,0.00071143584743000319,0.024856377672229851,0.039336531859571235,0.0027878068951902911,7.7785627548320436e-06,0.0047283106496258942,0.016487813895460481,0.0022858837613737668,0.00022466778510437442,0.053646387904068595,0.0073640475853453714,0.25728749632007564,0.40717106609508807,0.028856491711932046,8.051563114102735e-05,0.048942578235160121,0.17066478522708345,0.023661102900751546,0.0023255283893542358
26,0.0051018355467690119,0.00056620845069284254,0.025064248252607054,0.040865429332647765,0.002685037175257875,2.2193450695231318e-05,0.0047894724835475843,0.016615555571101965,0.0026816335677985925,0.00027683067946798978,0.051706861013924743,0.0057384957622606007,0.25402496590404816,0.4141691858562076,0.027212724276501628,0.00022492956897531948,0.048541076200240826,0.1683978667497826,0.027178228876516709,0.0028056657915417858
27,0.00530556571120438,0.00055152201150818637,0.024950108010097914,0.039762407568957513,0.0026805360327222228,2.409340710141489e-05,0.0050034343574121036,0.017634957185127295,0.0024400627457814134,0.00031472617252574183,0.053772218597834626,0.0055897078235609158,0.2528708030371406,0.40299432485755021,0.027167389371225387,0.00024418808925274951,0.050710099667318154,0.17873132184934504,0.024730178552214408,0.0031897681545578877
28,0.0048296357284658645,0.00058626232767268764,0.026216272655763425,0.039636195029536234,0.0026448007324303938,4.650638311122641e-05,0.004809357103527632,0.016787792317261869,0.002389390416685453,0.00038519236988332814,0.04911590275055909,0.0059621066869643214,0.26661139072110429,0.40308785381030932,0.026896806068212938,0.00047295554335664521,0.048909675402084164,0.17072665956799496,0.024299362092121819,0.0039172873572923851
29,0.0048543609945841618,0.00048085476022206224,0.024793442226195516,0.039940615810663209,0.0024866574959365559,1.7357199946858302e-05,0.0048739039035491484,0.017168950037304103,0.002399104223089183,0.00034302826147368591,0.049860795078012859,0.0049390230121880516,0.25466188927813427,0.41024366800222151,0.025541306048813588,0.00017828171218496985,0.05006152695193377,0.17634813324961493,0.024642016564425714,0.0035233601024704207
30,0.0051069545010695482,0.00063468678605333188,0.024732015057984183,0.040369135969581249,0.0025567032146949728,2.2898512600386701e-05,0.0049560251748597007,0.017038735377272327,0.002457851483372579,0.00030621853175608624,0.052015591793593267,0.0064644415322720698,0.25190167627686644,0.41116961140226244,0.026040653137812293,0.00023322700130825897,0.050478339362585833,0.17354372432290915,0.025033823861483565,0.0031189113089067529
31,0.0048003528123525445,0.00069497946234784152,0.025090109249100705,0.040268451625651631,0.0025391389319809336,2.8694182091660381e-05,0.0045973728978638316,0.016609653481139335,0.0024640461694331829,0.00021873951814731164,0.049329739255260303,0.0071417991563371393,0.25783282927855655,0.4138096295328243,0.026092886573917239,0.00029486926816757729,0.047243862102644071,0.17068534488474091,0.025321212794668018,0.0022478271528837998
32,0.0049623233646803331,0.00068902559800561672,0.024766249449014698,0.039682780369694588,0.0024677065760131912,1.0396936853575945e-05,0.004606738997863691,0.01650515923116316,0.0025675402583789204,0.00028337830455732796,0.051401041954576079,0.0071371071709965183,0.25653528265550807,0.41104460728513947,0.025561149470437295,0.00010769418841453545,0.047717806176911071,0.17096475174237824,0.026595252836671922,0.0029353065189668816
33,0.0048210577093607977,0.00051600713288626424,0.025974724666126481,0.039098913170188494,0.0024591140701169158,2.0664516441682083e-05,0.0046041918770116687,0.016245737913903647,0.0023999973145394258,0.00032986684396725654,0.049974540848350721,0.0053488717818903613,0.26925106835614021,0.40529492720151827,0.025490899291497105,0.0002142060483991131,0.047726534072513961,0.16840148820737111,0.024878101666052182,0.0034193625262668474
34,0.0051458803686546834,0.00056763524982315547,0.02555529328975693,0.040128019305464419,0.0025133336188856914,2.7186289122421564e-05,0.0050384858191442998,0.017099639537436543,0.0025944651099487539,0.00031553015497945024,0.051986220139078138,0.0057345311087599058,0.25817217026118572,0.4053930320778974,0.02539093516246984,0.00027464929416000453,0.050901267459922961,0.17274898785190035,0.026210565478850218,0.0031876411657753962
35,0.0047962049627162575,0.00067294028119180456,0.025776070239152075,0.039261687972048688,0.0030714952087509415,1.3112073053074966e-05,0.0047912800143890535,0.017203009467556065,0.0024690167397009338,0.00024439044909172885,0.048791898624637023,0.0068458362883954413,0.26222052973690535,0.39941001568027856,0.031246388345872737,0.00013338940769581887,0.048741797016932494,0.17500659386005543,0.025117361622884971,0.0024861894163422109
36,0.0049741643053948792,0.00063787464523917272,0.025855634805065267,0.039406565547689433,0.0026001128897939758,2.5351789122346984e-05,0.0050437092194113757,0.017613877982251856,0.0022649862299809094,0.00035106514507398886,0.050359380137636897,0.0064579635427241206,0.26176733656264511,0.3989595221417313,0.026324034627462835,0.00025666630758392845,0.051063465999416247,0.17832623181428195,0.02293114894463999,0.0035542499218775107
37,0.0047148685864304664,0.00056768166756677378,0.025192048665684072,0.039479973111808953,0.0027358277074358592,1.8560492846573016e-05,0.0048294637520936079,0.016383679680357831,0.0024298692104313836,0.00026206166231604154,0.048801073353646307,0.0058757681561216399,0.26074937027957118,0.40863600512098525,0.028317083750279911,0.00019210969643825839,0.049987186387972483,0.16957867207261948,0.025150271615057531,0.0027124595673080776
38,0.0046966265042121006,0.00066165357265503505,0.025143601802264829,0.039591400905952097,0.0024013293269128386,3.1503456181999713e-05,0.0047844658643833677,0.01642344943754202,0.0022427400700506667,0.00031337423448377555,0.048775775503235155,0.0068714567981491004,0.26112331388287541,0.41116773512124516,0.024938474467533674,0.00032717217452380803,0.04968801174518863,0.17056210069841801,0.023291480825821501,0.0032544787830095958
39,0.0048874872239753038,0.00060071640835399238,0.025425802874322837,0.0389032816538077,0.0027487333703355436,2.692914597232856e-05,0.0056165993712960528,0.016403099511082483,0.0025270341452988611,0.00015190526754488669,0.050235454838571912,0.0061743919973075694,0.26133608406419245,0.39986274317102438,0.02825252829539969,0.00027678801689713791,0.057729547133956852,0.16859730305982457,0.025973819237615579,0.0015613401852098423
40,0.0048929205808707936,0.00053850578890808469,0.025437449109686858,0.039394406325806292,0.0024929744974436906,3.4741350529903137e-05,0.0046876733066634445,0.017061758786144677,0.0021458985475036516,0.00032651615209598338,0.050435801659354594,0.0055508710417181487,0.2622070227405498,0.40607412916209307,0.025697365247755989,0.00035811083293578976,0.04832013052961745,0.17587113215407965,0.022119736409808955,0.0033657002220865489
41,0.0047339465225804782,0.00041950574891364142,0.025642946578173179,0.039586699282766681,0.0025701992876652705,1.3692368806410521e-05,0.0050461058333290754,0.016984450726888017,0.0023174705179138965,0.00029912451104075469,0.04849652371826986,0.0042975919573867783,0.26269704590089421,0.40554266752642082,0.02633019408233505,0.00014027034006658395,0.051694413965949725,0.17399580109099291,0.023741135097812414,0.0030643563198716342
42,0.0050525677809010495,0.0006322806710104869,0.024873814108881023,0.040055080089948007,0.0023900842309230626,2.6191007335302173e-05,0.0050706696262751358,0.016628385982873639,0.0022490080036599979,0.00027875052192097099,0.051950774827503397,0.0065011440106976072,0.25575390017651739,0.41184849697937304,0.024574975157939865,0.00026929735207612053,0.052136898979374492,0.17097396282470576,0.023124421769272579,0.002866127922539792
43,0.0047502200284392044,0.00050822413024727807,0.024686122809462616,0.038119938527132073,0.0023664223781710864,9.5916783499188327e-06,0.0050266378358568564,0.01698832615879569,0.0023565567479049191,0.00045085148949287109,0.049864327436303889,0.0053349643363799753,0.25913681967029084,0.40015516864241968,0.024840967283886357,0.00010068640758546305,0.052765958934587943,0.17833099374456834,0.024737405129920342,0.0047327084140573244
44,0.0043420557949906402,0.00042026672546316028,0.024528633169254719,0.039000702295070008,0.002605963999500048,2.2646055457619748e-05,0.0042427820163462478,0.016389135024972246,0.002175840871090403,0.00028271619664465821,0.046186804781505893,0.0044704117407988212,0.2609130893832699,0.41485367952253832,0.027719853496908021,0.00024088795535491135,0.045130821429228203,0.17433257785619163,0.023144598386923954,0.003007275447280338
45,0.0045652256005118078,0.00066316779413532205,0.025729344045510794,0.038696697371344714,0.0024402126553825891,2.7035082261497003e-05,0.0050998731155110551,0.017134176668295472,0.0021053832245418007,0.00028794550675074066,0.047186252251898229,0.0068545140060320411,0.26593895343775309,0.39996974591462275,0.025222081005645897,0.00027943508664693368,0.052712378388091084,0.17709915196921233,0.021761278108360451,0.0029762098317370925
46,0.004897274184870919,0.00048000344457263387,0.024427136328885227,0.038662013581038435,0.0026710961484220481,2.0852653272714532e-05,0.0047194884355096301,0.01681334416119417,0.0022831315072368422,0.00012380678922173125,0.051497051491540158,0.005047453168466021,0.25686237891387936,0.40654854700601961,0.028087783265043062,0.00021927507400701477,0.049627553982578107,0.17679991303913969,0.024008159713285966,0.0013018843460409196
47,0.005149629414047392,0.00067247186055394994,0.025706593648637917,0.039464311038922756,0.0027696824696081452,1.4284537660999175e-05,0.0050922292475452276,0.017228331585947124,0.0025650900879048508,0.00035686477165217584,0.052006221033927005,0.0067913081519351062,0.25961145624839405,0.39855094761639753,0.027971084349353997,0.00014425986090162195,0.051426535486389792,0.17398930067869667,0.02590490137399375,0.0036039852000103833
48,0.0052042018934209955,0.00059837464103762916,0.025647761466348014,0.039791426418365465,0.0026295337293510837,1.73815306823485e-05,0.0051640790003025993,0.016934206840436717,0.0023908344295836951,0.00033807050023163427,0.052718999181287564,0.0060615850147637826,0.25981396253200262,0.40309046799740939,0.02663739596653146,0.00017607635533330526,0.052312550927976396,0.17154492751046657,0.024219352153719509,0.003424682360509496
49,0.0049916870460927597,0.0007011091779169726,0.024358168853144877,0.038763920554827601,0.0024155216399276854,2.3369665022764426e-05,0.0049655089168794903,0.017522142233095169,0.0025366258463636569,0.0002607285699939411,0.051706546495176094,0.0072624613625437142,0.25231485441947737,0.40153728428796598,0.025021256507414449,0.00024207540655460483,0.051435379524405724,0.18150365872391827,0.02627571822006217,0.002700765052481611
50,0.0047642051856177014,0.00075700371186560142,0.024715814675456561,0.039995968978302474,0.0025131307174200744,1.3331219326240275e-05,0.0046004074490507089,0.017236479204405065,0.0022915590740377931,0.00045625636605259892,0.048941871324625782,0.0077765706586767755,0.25390136956762022,0.41087180148098684,0.025816965349276952,0.00013694935365816369,0.047259204975466998,0.17706742561345121,0.023540797460383751,0.004687044215853281
51,0.0046147077740357548,0.00057559593718849687,0.025663482588635302,0.038888877090833836,0.0028454446596798437,1.8357277192398342e-05,0.004869730109575466,0.017053116487820201,0.0024759511493265521,0.00032930610344030853,0.047410779263937802,0.005913581803988743,0.26366256927459181,0.39953818483363956,0.029233649295598161,0.00018859976827840938,0.05003083848538515,0.17520102705424259,0.025437531292768,0.0033832389275696246
52,0.0049058228678403749,0.0007110675641690406,0.025426313621364504,0.039619354931585839,0.0025990588041255873,1.8939988520969951e-05,0.004729576804210843,0.017238082277779461,0.0024350803473547089,0.00027753232490112769,0.050079433701051113,0.0072586927608430819,0.25955592396343491,0.4044407863931308,0.026531612855324897,0.00019334246771370508,0.048280285363171589,0.1759691333787084,0.024857694233417351,0.0028330948832041756
53,0.0048707809003991484,0.00062253784003577363,0.024873811368559956,0.039467004189222117,0.0026782440593912261,8.3352343119972482e-06,0.00512779917087607,0.017267863707306281,0.0024097586479854415,0.0003098941588786172,0.049887126058579041,0.0063761077201306962,0.25476057919151729,0.40422582197873957,0.027430899015708457,8.5370476183054052e-05,0.052519538216060695,0.1768595449362457,0.024681039016341163,0.0031739733904943275
54,0.004756941782672287,0.0005771308431543659,0.02486191554162025,0.039086180653029254,0.0025205180489103465,3.562827732093834e-05,0.0048992777028769169,0.016015217036603621,0.0025169534234937758,0.00024231066211016731,0.04980461197059944,0.0060424909559058789,0.26030128451574458,0.40922764031459291,0.026389522749288685,0.00037302380567571624,0.051294852044819449,0.16767740842203344,0.026352201547179481,0.0025369636741605067
55,0.0045882710394067978,0.00052212011996369246,0.024284126297300864,0.039717519227217044,0.0025331090093245905,2.2884182648291009e-05,0.0046146443041811744,0.017636628136226618,0.0023733928072082605,0.0002201673759071541,0.047540513467166715,0.0054098501116058208,0.2516154393146896,0.41152565781032907,0.026246335915492563,0.00023711018464960513,0.047813775124643139,0.1827386286085867,0.02459146631593687,0.002281223146899805
56,0.004828879434069326,0.00045971109567105475,0.025453338224979673,0.039355500207626848,0.0026655119278454218,2.7542632905629064e-05,0.0050059806655906574,0.017560978183185815,0.0023725590539390141,0.00031863616929167022,0.049249837147256788,0.0046886025848665632,0.25959910152030896,0.40138752738356859,0.027185609032659239,0.00028090785941735591,0.051056096121019141,0.17910476487908397,0.024197776859853679,0.0032497766119656672
57,0.005061512694973863,0.00056958380163957213,0.025709784746259609,0.040020802551397741,0.0029097298140681699,2.2842518676588156e-05,0.0050147944837862007,0.016818929268539139,0.0024576286181357942,0.00025623079488413169,0.051208200203585776,0.0057625779297248835,0.26011034325467719,0.40489738796767649,0.029438240272538659,0.00023110171603568679,0.050735543972963884,0.1701600191675007,0.024864254203793811,0.0025923313115029721
58,0.0047127674247604496,0.00066239615227997096,0.026171274047862247,0.039764162203053843,0.0028487103802917941,2.8174950834897391e-05,0.0047319594148129123,0.017302329925414549,0.0025234002891932864,0.00030253681123189557,0.047580780501071347,0.0066876472114448891,0.26422896223613557,0.40146472402861544,0.028760991387704021,0.00028445837243323586,0.047774545604196798,0.17468682159296545,0.025476613729256681,0.0030544553361766154
59,0.004890096781445568,0.00067004067767107258,0.024876600951345199,0.039014278832424976,0.0024801237612834238,2.3552013355788271e-05,0.0047507573191263811,0.01741665531970895,0.0025023009221672161,0.0003485398507313277,0.050427433232760541,0.0069095629486710065,0.25653135093190405,0.40232126865285284,0.025575419254612746,0.00024287199907831059,0.048990543177854014,0.17960323947065074,0.025804113562668759,0.0035941967689471161
60,0.0049154593598404904,0.0006472291076635257,0.02547794860175653,0.040267547947321049,0.0027490779433038295,1.9311627617153491e-05,0.0050992316052629804,0.016806081033263857,0.0023322178140512974,0.00041200910413963742,0.04978884667394004,0.0065558045434467851,0.25806696457776129,0.40787129419980722,0.027845499310222441,0.00019560810009135803,0.051650281685491628,0.17022933778912155,0.02362310959230467,0.0041732535278130095
61,0.0048119203992270463,0.0005471264954930022,0.024934832670854501,0.039831696821465465,0.0023324278992762535,3.0305173308758978e-05,0.0048384186144070709,0.016457212954720864,0.0025181632912368501,0.00036364674693513876,0.049778958380984305,0.005659982873501993,0.25794898809187627,0.4120559389632078,0.024128793016478352,0.0003135047622790174,0.050053080444771705,0.17024864311380544,0.026050211822111029,0.003761898530984091
62,0.0047305407001558891,0.00062153647631455313,0.025614283429340891,0.038710494359685349,0.0026498357484533788,1.5044343075119431e-05,0.0048162248563027943,0.01687931645626772,0.0024478593478288991,0.00025031946604135599,0.048901829129599575,0.0064251155394447999,0.26478692203144655,0.40016862779286078,0.027392601228037529,0.00015552046606476106,0.049787586642027655,0.17448945088700774,0.025304675965873658,0.0025876703176369678
63,0.0047855419222481129,0.00068765886211732572,0.025035063777485891,0.03844574591224003,0.0028522170140885678,2.2328404638536752e-05,0.0050038149178184234,0.016866282998876173,0.0024719999416031499,0.00028103965180189037,0.049615945074773862,0.0071295675364111437,0.25956064527456468,0.39860104634593047,0.029571456067377617,0.00023149831641899632,0.051878974243774509,0.17486767109851378,0.025629409442057147,0.002913786600177905
64,0.004360139666406076,0.00047892058656686705,0.024709497587776845,0.038608089706114519,0.0026134890284983123,2.0189164976883516e-05,0.0045182818992863718,0.015858706297854217,0.0024113031296796009,0.00020891501056770489,0.046489544716802701,0.005106441932707608,0.26346249912300274,0.41165482075077592,0.027866060345125149,0.00021526491346580626,0.048175720153738541,0.16909183925120397,0.025710273809968771,0.0022275350032087888
65,0.0050211603160151838,0.00053350502785367898,0.025398697670705878,0.038714136299591854,0.0022896344331107096,1.1525152329558227e-05,0.0045691068392908025,0.017400687425859367,0.0024242273558323681,0.00031922666622340531,0.051934849674749262,0.0055181475353275593,0.26270373030219041,0.40042793347866823,0.023682139706724885,0.00011920691952516873,0.047259171568287163,0.17997873575494361,0.025074260804021739,0.0033018242555619246
66,0.004760456612214998,0.00057770373720564586,0.025090631366981524,0.039899252007162066,0.0028541202771180472,2.9614968094860215e-05,0.0048072206553668373,0.017235634672603091,0.002460942810166138,0.00023151986601261358,0.048602324717504052,0.0058981200572522608,0.25616513549061071,0.40735512577969391,0.029139406529904332,0.00030235677227928749,0.049079766567207521,0.175968815873811,0.025125224597992765,0.0023637236137443612
67,0.0048125691712240914,0.00048279106472893125,0.024768039054951157,0.037702589393026113,0.0020777597925692856,6.4299138642372695e-06,0.0047733471202346684,0.016758142788688351,0.0022939921700543642,0.00033211545881909672,0.051193309529009634,0.0051356503221379772,0.26346798241326991,0.40105819992846137,0.022101999244797436,6.8397680944509725e-05,0.050776088181071398,0.17826336835683398,0.024402153411302991,0.003532850932170714
68,0.0046856271979411074,0.00067341744192705956,0.02585055179441488,0.039997227944688886,0.0028843731648576175,1.8919931958220021e-05,0.005239146809772402,0.016433769560053137,0.0025627076591661808,0.0003430948479513933,0.047478796701927554,0.006823643552956179,0.26193997973611277,0.40528624536347668,0.029226944722991477,0.00019171299062233267,0.053087532525429616,0.16652105919372701,0.025967553716072025,0.0034765314966843184
69,0.0048789620335900185,0.0006385923252629393,0.025765980311561965,0.040267534402381094,0.0027024385277214327,3.1351664989287104e-05,0.0051974230812915773,0.016928119751982169,0.0021986911446204775,0.00039685553950743682,0.049279483642828179,0.0064500399532879471,0.26024678949402685,0.40671833255874584,0.027295718701177283,0.00031666445677958505,0.052496068621977789,0.17098083458702742,0.022207667030610209,0.0040084009535389341
70,0.0051256897982435434,0.00068470200043898601,0.025696122213323892,0.039320717863333826,0.0028216200598199159,1.7683912094508885e-05,0.0048492340885150937,0.017275468594151536,0.0024759391834819748,0.00036605165516183515,0.051967169999983041,0.0069418998528421282,0.26052195976778358,0.39865589026192355,0.028607195342619289,0.0001792895985229176,0.0491643041554976,0.17514856509055265,0.025102485230713418,0.003711240699561821
71,0.004490861386915449,0.00052645975188170486,0.024460061268751006,0.038458661244937013,0.0025129216362119429,1.0698240166725588e-05,0.0048128336789698446,0.017651692514960425,0.0025077861901064038,0.00023130408922577281,0.046944463819509757,0.0055032584275806068,0.25568913451647629,0.4020211437876916,0.026268403468458209,0.00011183225336291836,0.050310146995407964,0.18451899741016703,0.026214720946748468,0.0024178983745971462
72,0.004629053446110489,0.00048314512767123495,0.024799287352883833,0.038925037652158836,0.0025435813826699969,2.3780343592097891e-05,0.0047975612078740648,0.01724086040994988,0.002331150985592164,0.00031174865653026411,0.048176546750486819,0.0050282987875373952,0.25809683133791311,0.40510957975422984,0.026472143565080826,0.00024749224612430592,0.04993027937788691,0.17943303684611256,0.024261289213281575,0.0032445021213464821
73,0.0046071298439225132,0.00062489591731035841,0.025382207255884658,0.039105478584765686,0.0028259092215910113,1.2390759036321082e-05,0.0052864367556042834,0.016984035007857643,0.0023550145557336474,0.00025877562675711825,0.047280607041426989,0.0064129858087498765,0.26048455497572548,0.40131943938420978,0.029000854754949384,0.0001271599952222143,0.05425198493608728,0.17429842708766999,0.024168304683959776,0.0026556813319993915
74,0.0049744332216333188,0.00057824800038571269,0.024250282807923157,0.038458600195235643,0.0025556636870015855,2.4001516510826445e-05,0.0048113697921877314,0.017364750220071952,0.0025958657242745611,0.00024579837998775191,0.051893223575549416,0.006032275724525164,0.25297863926468872,0.40119962404053439,0.02666065080876508,0.00025038351244357468,0.050192147970711504,0.18114885160884539,0.02708003794604262,0.0025641655478941499
75,0.0050272859163334408,0.00065339311367841157,0.025290206852838049,0.039206772811236044,0.002813758226366364,3.5317446905176861e-05,0.00517258721705483,0.01694020089442368,0.0023599476700328129,0.0004383253389642745,0.051331417981099907,0.0066715113447655995,0.25822724237222472,0.4003232114419682,0.0287300547490465,0.00036061100547810863,0.052815026020239818,0.1729689831187611,0.024096393616762506,0.0044755483496535112
76,0.0049124177207000635,0.00066295927617769971,0.024890940049177836,0.038974538828957968,0.0024649918382788276,1.3001436644226538e-05,0.0049943593059235975,0.017223438736396104,0.0025092159830264085,0.00030912392527924652,0.050666993700952075,0.0068378047999746163,0.25672676355844271,0.40198591113764442,0.025424085052191604,0.00013409765740818894,0.051512144504164949,0.17764365971738932,0.025880215737885074,0.0031883241339470481
77,0.0048539691377005572,0.00057695380233070942,0.02441857640683557,0.039747197676555213,0.0021983625951462176,2.0296116648597411e-05,0.0043398437992228324,0.016643164137234028,0.0021492765031451287,0.00021333172844588093,0.05100798195540529,0.0060629246506352218,0.25660284797908661,0.41768381387445236,0.023101514740527757,0.00021328193946179217,0.045605290829043577,0.17489485242072275,0.022585693064694233,0.0022417985459705259
78,0.0051990688422152631,0.00059275279704308886,0.026057701037161925,0.03983603597468429,0.0028002033524156113,3.1022548196536419e-05,0.0055145895305817715,0.017868394539106974,0.002396010155641577,0.00033558072358304009,0.051664499694876041,0.0058903387570688392,0.25894215447818503,0.39586105337705263,0.027826349224647797,0.00030827913237465687,0.054799910862252076,0.17756288524547953,0.023809776271844715,0.0033347529562187716
79,0.0049404110389573647,0.00063915172647370641,0.025835700576444742,0.038943099752744424,0.0023749721744925696,1.8876815655314805e-05,0.0053034559434077923,0.016337621203722206,0.0022678739136684587,0.00033287251180546108,0.050935204473903831,0.0065895982380966903,0.26636380681909583,0.40149994263883942,0.024485754803337326,0.00019461831366617715,0.054678165595068752,0.1684394415903496,0.023381581128139074,0.0034318863995031743
80,0.005118529716586666,0.00047347673694083422,0.026012804718391697,0.038786414228279116,0.0024005190191414803,9.4148803214007147e-06,0.0049803458746894959,0.017383880768092851,0.0020780683493373162,0.00039342575301469019,0.052424142539563921,0.0048493636495103524,0.26642396506788307,0.39725167590857069,0.024586191386288956,9.6427500725967393e-05,0.051008859279449793,0.17804625424447371,0.021283641472196815,0.0040294789513367025
81,0.0047989365207034649,0.0005560202480814863,0.024869545304062466,0.039077106501438391,0.0022368235320167165,2.6800665796749009e-05,0.0055385956809570489,0.01757238564940573,0.0024661909536131928,0.00038661851772670973,0.049205214456720402,0.0057010746925066445,0.25499635280612892,0.40067156493029016,0.022934952592077087,0.00027479682267574909,0.056789204669581199,0.18017596204178535,0.025286738893135558,0.0039641380950989277
82,0.0045350012084969865,0.00056734778263129771,0.024933524721116505,0.038965586518812205,0.0024733736561847134,1.5382319230610902e-05,0.0044553220108332781,0.017509349221231915,0.0022293758965914161,0.00036061354554688883,0.047217523263954814,0.0059071113531246324,0.25960285994320553,0.40570187379408323,0.025752270568867322,0.000160157623500539,0.046387919434458524,0.18230383326937022,0.02321181482028601,0.0037546359291491171
83,0.0050175146269903813,0.00063123086139151388,0.024799653282160775,0.040379638764073182,0.002568103509377175,2.2812667441734295e-05,0.0046592807072834636,0.016968717327775464,0.0025228995381512552,0.00032434716509278038,0.051254463558088659,0.0064480926488775505,0.25333118483925049,0.41248244945593471,0.026233459694710391,0.00023303390602301229,0.047595064682772803,0.17333731310428771,0.025771696158752445,0.0033132419513022672
84,0.0047166370087358377,0.00066444945071739386,0.025409608652418744,0.0395587764576266,0.0027936922899784774,1.5380501332634554e-05,0.0051203811141753456,0.017035444125067779,0.0026649000546085659,0.00036067945837626894,0.047962573209329819,0.0067566584761360512,0.25838541591282971,0.40226557786963507,0.028408518767558493,0.00015640135541411873,0.052068169247166091,0.1732301498904199,0.027098855334421364,0.0036676799370892799
85,0.0049302486048803228,0.00046114506097197057,0.025912336788471331,0.038914127622911555,0.0024437455824227552,1.3793726712167444e-05,0.005121472808362699,0.017381567368164836,0.0022550066457364746,0.00016748775940373853,0.050514359908928635,0.0047248018197509154,0.26549271882933501,0.39870651681538316,0.025038137783592349,0.00014132781761432958,0.052473605580322408,0.17808812905451471,0.023104355668191152,0.0017160467223672317
86,0.0051383119205925757,0.00060795258542316755,0.025391148622219775,0.039165834161108928,0.0024369509168923002,7.7226451268485838e-06,0.0050107295877138943,0.016982706382547265,0.0024500351956888091,0.00035235085942185055,0.052677001815337188,0.006232614901720843,0.26030525252969011,0.40152072297043401,0.024983159811407266,7.9171096977563964e-05,0.05136905187292104,0.17410349328104066,0.0251172973625267,0.0036122343579445284
87,0.0049544813016710893,0.00052342273084060153,0.025989750748258773,0.038817948207300508,0.002526917515244208,1.8348361903168225e-05,0.0049201472003854397,0.01728594997327447,0.00255162714051181,0.00022800951110362713,0.050650719462705177,0.0053510622577722204,0.26569876721740393,0.39684416693683666,0.025833216915534793,0.00018757921864476497,0.05029971461954693,0.17671795480333527,0.026085828686828738,0.0023309898813914359
88,0.0043666657786424774,0.00047223106285865409,0.024499285651434256,0.039678668328601813,0.0021778726650745245,1.2268160530498186e-05,0.0047863526575249475,0.016388583300978862,0.0024297165402029121,0.00042520723717719686,0.0458505895063719,0.0049584909202785646,0.25724585909400105,0.41663145885641556,0.022867961649797701,0.00012881736798666063,0.050257359289158629,0.1720823721383524,0.025512356875712038,0.0044647343019257012
89,0.0048819328994198592,0.00065438664537262098,0.024988234286930505,0.039032300277382255,0.0027271437903354243,2.6832973812369894e-05,0.0053758942592196969,0.017343725772036217,0.002199124109334925,0.00036773198704668131,0.050021184492060972,0.0067049662073836733,0.25603405518865902,0.39993214440871921,0.027942818036060569,0.00027493559645170391,0.055082403648398254,0.17770701164815914,0.022532631041908349,0.0037678497321993313
90,0.0045761941579699145,0.00055613095297099493,0.024871273409617891,0.038985868993043578,0.0024920960198377001,3.0174457833187668e-05,0.0050266551916942244,0.016438882091571193,0.0026187745193623929,0.00027871322994713283,0.047730956652603317,0.0058005979408018039,0.25941418393317256,0.40663327619747125,0.025993243072922199,0.00031472784788716472,0.052429388435034537,0.17146203623452116,0.027314534469420174,0.0029070552161657467
91,0.0049757172215634856,0.00062168038645429662,0.025000723599500601,0.039970499532460201,0.0026700305843493158,1.8586750299588939e-05,0.0050103717250868365,0.01669478539528103,0.0022003473580112821,0.00034044076009799183,0.051031331003679535,0.0063760009194565592,0.25640930634251868,0.40994045706288323,0.027384034998890729,0.00019062711255183031,0.051386750204835949,0.17122297783519871,0.022566928414485425,0.0034915861054993459
92,0.0049358592690950283,0.00049544005075227932,0.025637374424276601,0.040085419046481913,0.0026440950097957774,2.1111178211615642e-05,0.0050640048630917148,0.017702458932394805,0.0022208420254736581,0.00024866838709984075,0.049829343863331974,0.0050016524594163171,0.25881887555811434,0.40467728528636226,0.026693127228197989,0.00021312523334149881,0.051123021523028007,0.17871293837162897,0.022420230180864791,0.0025104002957138508
93,0.004500405418997956,0.00064992046905893873,0.025396587148329489,0.038676918920542591,0.0026829782248533013,1.3544911165031915e-05,0.005115437427685136,0.017114029898077917,0.0026142067242753367,0.00028320811661631021,0.046373349165616549,0.0066969497268675165,0.2616930462470915,0.39853704250314287,0.027646106170712691,0.00013957029120570622,0.05271079911323294,0.17634741988891217,0.026937466723368091,0.0029182501698500353
94,0.0047788603241238278,0.00066135418243936327,0.024612178022180426,0.03946426312207995,0.0029071232150928716,2.4346559720790302e-05,0.0055669796959926521,0.016705397640253253,0.002439508836657073,0.00027690479092029163,0.049045685159231342,0.0067875114170885256,0.25259602760625399,0.40502372801227826,0.029835952561069835,0.0002498699735475599,0.057134194125572899,0.17144834072417581,0.025036802549315368,0.0028418878714663808
95,0.0052021641560721921,0.0005230244074681292,0.02482985584584502,0.038791677777968755,0.0026562484914932848,3.4943332013671033e-05,0.0051663069338529072,0.017134715724783162,0.0022410153797967672,0.00027682831576854284,0.053709860439968587,0.0053999772189081705,0.25635640326117526,0.40050554676460681,0.027424497092321587,0.00036077321465741781,0.053339651745397745,0.17690775658865379,0.023137413522834098,0.0028581201514767535
96,0.0046215445303224465,0.0007219276648938684,0.025057018384870424,0.038441618280544543,0.0025296576705497792,1.6385654551406897e-05,0.0043233563075125983,0.01664463747622992,0.0024249822147004198,0.00036271633272985844,0.048574288266239704,0.0075877495655075761,0.26335932200446516,0.40403683996303291,0.026587717612149953,0.00017221980712052762,0.045440210341136877,0.17494182162538618,0.025487536550717647,0.0038122942642433433
97,0.0047926848627016568,0.00057145086868546854,0.025105858546900471,0.039566590624796505,0.0026532467819096583,1.9099375731883802e-05,0.0045356775818254039,0.016849962281901779,0.0024476693110009264,0.00030453131896080116,0.049487296125393578,0.0059005670453804622,0.25923278746359069,0.40854836965386626,0.027396336907512694,0.00019721231204028914,0.046833544464380795,0.17398579231352507,0.025273628348320035,0.00314446536598999
98,0.0046156929524355482,0.00043036013840188855,0.024630551336750718,0.03854682002373945,0.0023263192262854017,2.5132553170974663e-05,0.0048260779833596843,0.016605241492384432,0.0022620990030252867,0.00021599338739148504,0.048851433877552752,0.004554832841205521,0.26068409714299506,0.40797068803851044,0.024621228281875813,0.00026599716923503296,0.051078100714564555,0.17574606134881121,0.023941536191755788,0.0022860243934935153
99,0.0047983261588155504,0.00059581423806177077,0.025777415851811009,0.039152346448852661,0.0026052296280252448,1.4414138135231241e-05,0.0053408956369552741,0.017565617004257017,0.002430852728964174,0.00027577622311504292,0.04868595174424685,0.006045396307526341,0.2615491283240417,0.39725712400371849,0.026433818743165381,0.00014625225765394926,0.05419110303165587,0.17822856419545308,0.024664513153673243,0.0027981482388650084
100,0.0041136862771873088,0.00046040921695439391,0.025846258657080505,0.038406481790079945,0.0024823175968961067,1.525478435951246e-05,0.0049293005420773832,0.017006964153975374,0.0026243832646322815,0.00028458595085935508,0.042775310187527955,0.0047874693745208804,0.26875693884941287,0.39936180376535546,0.025811862654677387,0.00015862369875909813,0.051256305290999955,0.1768433755069605,0.027289102919233532,0.0029592077525524966
101,0.0050494954108425338,0.00057439860457784715,0.025378694308904808,0.037984873046620363,0.0027687747027249497,2.3322194320900457e-05,0.0052618852012183215,0.017203723360327838,0.0021837736204460452,0.00038760046020043862,0.052155296640136233,0.0059328560923356298,0.26213180175945788,0.39233867156913438,0.028598157677348961,0.00024089059680965338,0.054349031185691003,0.17769405102262018,0.022555790569629162,0.0040034528868368949
102,0.0048231450041034789,0.00045778756202749824,0.025523373179959851,0.039260845459600992,0.0025002989782636864,3.1207786635774864e-05,0.0049173848381631295,0.017385280442352286,0.0021676207903893918,0.0003878741715623911,0.049491088204166402,0.0046974338511069835,0.26189955148405214,0.40286202549542316,0.025655981141922222,0.00032022825764804692,0.05045809872029728,0.17839323659035611,0.022242315260908682,0.0039800409941190351
103,0.004828709521593446,0.00070084766527393327,0.025600071923943018,0.038509152523780739,0.0026096893159086908,4.5616842496687965e-05,0.0050432709412045473,0.016876801586740094,0.0026891727870790813,0.00026127545855693894,0.049696176342693903,0.0072129932453102261,0.26347115787948505,0.39632900386146541,0.02685843492201723,0.00046948002127164762,0.05190440239100947,0.17369288916731562,0.027676463958957447,0.0026889982104740641
104,0.0052793854337886189,0.00060700705338842477,0.025450972785689811,0.038716068157709276,0.0026685415880548678,3.1470124425633075e-05,0.0051725423480241698,0.017657757669675166,0.0024367397210536572,0.00036587674984554379,0.053659728302118771,0.0061696259859773516,0.25868395134860978,0.39351051828358935,0.027123084376730139,0.0003198626710422816,0.052573774070327428,0.17947363208513953,0.024767047796486991,0.0037187750799784159
105,0.0045173689508931671,0.00054763154710000758,0.025175110708065541,0.038636980332849735,0.0027296158053278538,2.3045967148191168e-05,0.0047720605596373172,0.017136394319655954,0.0022584694946991878,0.00046288706976167624,0.046929039855772008,0.0056891130610558192,0.26153360211117738,0.40138328519491023,0.028356826797122401,0.0002394148280933392,0.049574923507874791,0.17802276961512192,0.023462286583615825,0.0048087384452563291
106,0.0049328953781474626,0.00046999890913307677,0.025342497376185658,0.037819746807433642,0.0024152137189581324,2.0217668623414444e-05,0.0050441827785796403,0.017304244282939606,0.0024785143766303365,0.00034003774873622608,0.051294801906829939,0.0048872921666263331,0.26352441782862007,0.39326932195799352,0.025114643587503219,0.00021023379325053534,0.052452025955242336,0.17993849749437102,0.025772876622457058,0.0035358886871060089
107,0.0049977527478450006,0.00065872657129550612,0.024755747304240176,0.036930820493990636,0.0027601957309609294,1.4650090721604979e-05,0.0049315759805667577,0.016953844599297514,0.0025899856764215272,0.00028264576193893842,0.05267671115260484,0.006943030412947371,0.26092754401958645,0.38925378303868385,0.029092682367525397,0.00015441312050385082,0.051979202766174099,0.17869486946276644,0.027298654865443119,0.0029791087937644269
108,0.0050479104618630349,0.00054453495172545761,0.024380184503133687,0.039584964769690728,0.0024175793868710517,2.0797736584596496e-05,0.0045949337462483936,0.017083227071485841,0.0025491553883790681,0.00031629386939680573,0.052288505536065129,0.005640535634098596,0.25254081307375303,0.41003870118983854,0.025042364382118841,0.00021543222146217316,0.047596370903117788,0.17695567701721288,0.026405287226183325,0.0032763128161497645
109,0.0054099347668820786,0.00066268739574554248,0.025112473344242419,0.038601219136291713,0.0027994084012072421,9.2806746144764344e-06,0.0048791192401897738,0.016753855130650981,0.0028621641711837876,0.00036352139851954555,0.05551289262744076,0.006800025477346483,0.25768629316982378,0.39609818334949654,0.028725532689950935,9.5231664628845486e-05,0.050066042229421785,0.17191611378699606,0.029369487648851139,0.0037301973560437394
110,0.0048628839353972476,0.00064748731834494446,0.025420319841821797,0.038959429942466518,0.002278223702535141,1.7510145443990178e-05,0.0045292147056252893,0.01624267910280399,0.0021811768810642528,0.00031891696783926271,0.050942738761241793,0.0067829661879374031,0.26629891441637965,0.40813231165136654,0.023866281091579435,0.0001834332829808062,0.047447277090604763,0.170155522794568,0.02284963522063568,0.0033409195027057003
111,0.0050425078271146831,0.00073234795318370097,0.024753399374603271,0.038796782240192132,0.0024197646495962314,2.1786082933087567e-05,0.0045558705875838081,0.016310317399942747,0.0023419907669665436,0.00034671254057264014,0.052900016424991009,0.0076829268452308988,0.25968333186309478,0.40700986257413818,0.025385303126340988,0.00022855376422013381,0.047794795204357671,0.17110852138180821,0.024569391716858856,0.0036372970989591463
112,0.005165181989174419,0.00062243215960903554,0.025552656166311281,0.039064320381934192,0.0029920093814624904,3.1981283673923399e-05,0.00451506514544748,0.017314308985973182,0.002342613154983195,0.00021805027212084158,0.05280366913953545,0.006363125614293275,0.26122487158634916,0.39935465060702807,0.030587319821887587,0.00032694474760324897,0.046157522926266535,0.17700422656765766,0.023948540480647686,0.0022291285087313868
113,0.0048372550585960893,0.00053547566628349679,0.02559727944479737,0.040685487850147486,0.0029478194207487869,2.6257632362061176e-05,0.0046727277380083868,0.017209471396407713,0.0024899502097192965,0.00025649108554452277,0.048734052230353056,0.0053947742619792349,0.25788575096963079,0.40989541917641592,0.029698493024702011,0.00026453863016879798,0.047076483436126977,0.17338082605317728,0.025085583063436119,0.0025840791540098244
114,0.0048488861468191881,0.00059052871377475609,0.026137032545491649,0.039524810000977968,0.0028267433558903394,2.2735499620846328e-05,0.0048717604918066789,0.017548339322087155,0.0021410652986407317,0.00027607889959597011,0.049083766398863686,0.0059777385075860416,0.26457705150779415,0.40009735892027665,0.028614243838469573,0.00023014439163169899,0.049315316278959249,0.17763638120031913,0.021673338119546033,0.0027946608365538197
115,0.0046842862114385448,0.00062144426496548442,0.025640357719355893,0.03966687596553891,0.0025255103046920319,2.2828575401051868e-05,0.0048088007148274917,0.016513077388126487,0.0024351624103788085,0.00036603355757975384,0.048150446664535204,0.0063879143127790524,0.26356089724208065,0.4077414806258946,0.025960080946775238,0.00023465818540112262,0.049430349019722292,0.16974027976829104,0.02503138204367257,0.003762511190848322
116,0.0049067501543795019,0.00075200905962243079,0.024999051882010983,0.039693507226196967,0.0024117268597353995,1.3776291491237887e-05,0.0050623323616477379,0.016463458334746543,0.0020797045190625143,0.00032233711250649995,0.050739545218334424,0.0077763481907170157,0.25850929504748527,0.41046118946575866,0.024939098222597531,0.00014245737872688061,0.052348384102011647,0.1702447368102592,0.021505733564111167,0.0033332119999982266
117,0.0052028556333393386,0.00053633330611430172,0.025542966723020189,0.039578275849433346,0.002643073831976814,2.3160856428049587e-05,0.0052557025471354725,0.017073990317857064,0.0024319871347831929,0.00057188132273286051,0.052628400355828886,0.0054251676286148128,0.25837454923036585,0.40034578961794515,0.026735461754492661,0.00023427880967301227,0.053162962283515476,0.17270838582599607,0.024600258321495358,0.0057847461720725744
118,0.0045040263831413038,0.00050830510921175045,0.025727503498305087,0.039406249001559035,0.0027595413089260079,2.5420268241411563e-05,0.0050588211859069416,0.018183007598629012,0.0024824173726343793,0.00026847337029941817,0.045530276559242341,0.0051383518279361756,0.26007404260357236,0.39834966818112044,0.027895635656651301,0.00025696826456739761,0.051138583139794032,0.18380828490329273,0.025094246768750585,0.0027139420950725141
119,0.0045607709115558798,0.00050525727810841797,0.025453879177611622,0.038899754608617734,0.0026955753560494048,2.1830053730222544e-05,0.0047325142979497319,0.016898712115446465,0.002370162872402771,0.00030016992138540307,0.047291952122155742,0.0052391587889518724,0.26393863202834916,0.40336280163801808,0.027951200170337576,0.00022636213829946124,0.049072808947491033,0.17522763142188921,0.024576904049132403,0.0031125486953754895
120,0.0054192455815855762,0.00055654968800901059,0.025098852647400704,0.038449630983198008,0.0029204979725339906,3.8519075606076028e-05,0.0050819076051982241,0.016873301507797745,0.0023155677837685827,0.00029511898187371279,0.05584019278849342,0.0057347173895201447,0.25861990373036059,0.39618702906614206,0.030092965408108983,0.0003969025901292556,0.052364244457168932,0.17386339020608274,0.023859732782700482,0.0030409215812933145
121,0.0050141049820045663,0.00057844421061068797,0.025006902072928019,0.039353662107216809,0.0024531416356588231,2.434899151046637e-06,0.0046902913180412132,0.016585277418190339,0.0020270193626763713,0.00021620663555214586,0.052269743136865991,0.0060300154097571983,0.26068547680829529,0.41024386549977621,0.025572875644692915,2.5382706115279514e-05,0.048894134309305053,0.17289390501670263,0.021130746524216121,0.002253854944273357
122,0.005129835682618566,0.00070070296631165167,0.02507521890286964,0.039820977845935288,0.0022126428350327,1.1487391105491924e-05,0.0047452341150207179,0.017567018318312158,0.0024411119287054239,0.00034789476920937806,0.052317435195106753,0.0071462292944861018,0.2557335597315552,0.40612049912621134,0.022565985597544528,0.00011715596305721022,0.048395015680401013,0.1791599964017575,0.024896063545812461,0.0035480594640679461
123,0.0045911209858243134,0.00053072705885684414,0.024890967169489027,0.039562184938759078,0.0025032558502052619,1.9945137374353527e-05,0.0048982451401883634,0.017445416502487467,0.0023882407978172504,0.00040818518699167077,0.047215156128246248,0.0054580049235865924,0.2559790745482759,0.40685809509824611,0.025743520190672237,0.0002051160877783623,0.050373625474584037,0.17940892135721842,0.024560703690657184,0.0041977825007346948
124,0.0051419879031194505,0.00075863894172332579,0.024341898534616973,0.037836003403885037,0.0024682108494453216,2.5305010608557197e-05,0.0047817816935469392,0.016823371004755901,0.0021438132472287458,0.00024812395598731079,0.054372792220882156,0.0080220565131955898,0.25739792006931489,0.40008829081452635,0.026099539361576735,0.00026758213163659723,0.050563872838190506,0.17789494517119955,0.022669270027109088,0.0026237308523687423
125,0.0049098928550883342,0.00068027211410976037,0.025576631942332593,0.039254273058461339,0.0026409920830697555,1.9865027887427231e-05,0.0051314505080196421,0.016370391268011025,0.0024260320427887173,0.0003229513833889138,0.050444405813210975,0.0069891387857885009,0.2627751845332168,0.40329973351892889,0.027133642285041535,0.00020409397064655575,0.052720696658113408,0.16818995542617327,0.024925135536401747,0.0033180134724783428
126,0.0045782662072159875,0.00090303106517505729,0.024932128349607233,0.039615809063578568,0.0027320873760999244,2.3349287777154831e-05,0.0048824573963942791,0.017064390719129689,0.0023200493380119802,0.00026897924217108362,0.047043160968344253,0.009278935264071999,0.25618565503800533,0.4070652072899868,0.028073078409218546,0.0002399214579671268,0.050168823485546001,0.1753421149170992,0.023839254757745267,0.0027638484120153695
127,0.0054873436115159494,0.00058615852279236022,0.025288759811670797,0.037806709279760799,0.0023164676553154499,1.3320988863105296e-05,0.0047507107557635039,0.017326228441515712,0.0024132738680126592,0.00032284171133672437,0.056974771284850664,0.0060860500338768666,0.26257173021272151,0.39254487539775818,0.02405174966141601,0.00013831105676901371,0.049326354956534139,0.17989722761533375,0.025056882967775949,0.0033520468129638629
128,0.0051438347968925553,0.00072313700540680283,0.024912965492903755,0.039224761634493129,0.0022746669508329816,2.8198493156762209e-05,0.0053698426156428159,0.016759946749405931,0.0023046173264511163,0.00019820868798997473,0.053061948203412944,0.0074596210492699488,0.25699318441884356,0.40462852177874264,0.023464645481622002,0.00029088550514925582,0.05539336350845684,0.17288957780023989,0.023773602775639745,0.0020446494786232465
129,0.0044720451947533628,0.00061332365099329273,0.025099087207078142,0.039172796155164787,0.0025606798965824959,2.9062154831571172e-05,0.0049202385343168403,0.016023387317174051,0.0024496947870444761,0.00025593957047775618,0.046780548250777369,0.0064157707266232211,0.26255303983034617,0.40977333654956899,0.026786404036661257,0.00030400934631986829,0.051468946787474767,0.16761522097571174,0.025625426442348841,0.0026772970541676802
130,0.0045935380868357516,0.00055971668822718968,0.025913259984282774,0.039824007281639692,0.0021872136302873262,3.1035787003530748e-05,0.0050555655132172948,0.016973367430429185,0.0024534178663958507,0.00027045586601985951,0.046939137651449067,0.0057194733510105922,0.26479503476543792,0.40694221410339104,0.022350075197896883,0.00031713965373547008,0.051660371819033206,0.17344260897907421,0.025070287166511326,0.002763657312460198
131,0.0051953172490431286,0.00057626398348285357,0.025104452819657137,0.039497565525107178,0.0027456428228793241,2.6323566684699103e-05,0.0051571020896413562,0.016555513332092989,0.0025781445821692439,0.00024697440890778021,0.053185316516236543,0.005899309106501196,0.25699840937072826,0.40434306960956468,0.028107596817550533,0.00026947867836556806,0.05279410164887189,0.16948151083907562,0.026392889799472061,0.0025283176136336994
132,0.0049385776906700363,0.00076727207737967498,0.02517722878490786,0.039029631388019966,0.0025103734245059571,1.2925439017909028e-05,0.0049930978827246878,0.016753337651836449,0.0023144414128646821,0.0003043151532058659,0.051017731644775063,0.0079262661021283747,0.26009211197268095,0.40319366932513273,0.025933288027760813,0.00013352560605705904,0.051580949781997162,0.1730695228487405,0.023909222109061191,0.0031437125816662151
133,0.0050519738776937991,0.00069654390619011317,0.025173765978750564,0.038556286400108344,0.0027444005557969997,3.0287371310939003e-05,0.0049196563732074967,0.017041338094414708,0.0024941357123981624,0.00036415490312382952,0.052043283430728435,0.0071754986881181022,0.25932941649512448,0.39719044273308468,0.028271645782537574,0.00031200760092339665,0.050680204848863146,0.17555260774455028,0.025693523944801899,0.0037513687312679305
134,0.0047183014674834394,0.00044043544648328809,0.025270955437562661,0.039476262048142044,0.0029432105390342594,1.9607369443612273e-05,0.0049031339996883925,0.01678060369745539,0.0023166626804668172,0.00037948874472071108,0.048517906550892463,0.004528961530212307,0.25985915966183154,0.40593116108196642,0.030264792293704205,0.00020162096994649984,0.050418524302192652,0.17255356989619036,0.023822052112490118,0.0039022516005733734
135,0.0050223111960345356,0.00056648200701460221,0.025111660908100967,0.038282682949700948,0.0026889485767312821,1.1899767739762832e-05,0.0052703300630678861,0.01738004214285405,0.0023066520420288528,0.0002551037826447601,0.051831915831753624,0.005846282032655992,0.25916066204975902,0.39508997411974878,0.027750840373072558,0.0001228095464079966,0.054391552727792579,0.17936779429598443,0.023805413449883722,0.002632755572941254
136,0.0048151367796717814,0.00064572925094765865,0.02569887160372639,0.040364317445189007,0.0028268575582938802,1.8935560616992408e-05,0.0051526399660782735,0.016873195448812099,0.002771344021363658,0.00029226045650471112,0.048413143428658843,0.0064923976768818522,0.25838583903959228,0.4058375866130754,0.028422258117327803,0.00019038504075786713,0.051806523703983157,0.16964926828492208,0.027864104746278977,0.0029384933485217331
137,0.0047547194063975963,0.00059993920577977708,0.025120559472122769,0.039017171709731263,0.0026387194143575959,3.3454211742868826e-05,0.0050503851294780829,0.017792489221220707,0.0024279158321987033,0.00030702551751226172,0.048645423297235257,0.0061379640149734531,0.25700785778032498,0.39918377331099136,0.026996676754751106,0.00034226925969963482,0.051670372410821432,0.1820345420411546,0.024839950224707089,0.003141170905341069
138,0.00491423346873245,0.00056828442215242842,0.025406158223537492,0.03857378304742843,0.00267520826973624,2.3451514495993612e-05,0.0048930356733388634,0.017203486501583702,0.0022898659461260172,0.00032304740796997781,0.050729899249162901,0.0058664309834057281,0.26226915249119975,0.3981992593770376,0.027616320400270261,0.00024209125903187949,0.050511073254943625,0.17759252638535761,0.023638410645358449,0.0033348359542322006
139,0.0047711271257566881,0.00050526010155206114,0.02466406136195028,0.03835241169866873,0.0022732385185744003,2.5663871200734754e-05,0.0049375911472634409,0.015900545477788082,0.0024493839976864051,0.00033606233317494335,0.050640658309641269,0.0053628217160813108,0.26178390787700101,0.40707181447715984,0.024128113135778971,0.00027239587169309242,0.052407504468165139,0.16876810641466047,0.025997718112838637,0.0035669596169802436
140,0.0049804060073795004,0.00071990396230991213,0.02473183957298055,0.039561655523592483,0.0024763874086286843,1.7122125669682874e-05,0.0048158462784755,0.016560021271669043,0.0022688403173089771,0.00028549746805205833,0.051654574922503332,0.0074665264444394967,0.25650773416885242,0.41031604577493247,0.025683998201475777,0.00017758313718332938,0.049947833979434912,0.1717532382356427,0.023531411291365149,0.0029610538441703247
141,0.0048561447985803275,0.00058228378006192516,0.025085909203642776,0.039419431116359961,0.0026622715770014383,2.184753458006162e-05,0.0051628297010220571,0.017112817280099016,0.0024589292692396504,0.00029603631003578758,0.049725776765009236,0.0059624484981810576,0.25687379037221214,0.40364567227666254,0.027261032695010321,0.00022371359843132438,0.052866157793283845,0.1752312105972143,0.025178855449059897,0.0030313419549351473
142,0.0048833758297523308,0.00056817397776978641,0.025163683588654798,0.039526493342671297,0.002241899003544818,2.2308127246531942e-05,0.0051437831445066652,0.017021527172866646,0.0022559903569345572,0.00028148666241071239,0.050287716376936437,0.0058509057756244614,0.25912897704812143,0.40703340391720988,0.023086484670936342,0.0002297232109475182,0.052969322225714564,0.17528319765117217,0.023231593711758688,0.0028986754115786074
143,0.0046490201068679167,0.00059732336562549936,0.024692874933782007,0.038773365059273514,0.0021812561708002966,4.8731178760146596e-06,0.0050098163337183917,0.016515232990697713,0.0023739248695218932,0.00033006477939520476,0.048871333784724552,0.0062791704290058939,0.2595759332618443,0.4075925726734157,0.02292975636644199,5.1227089755795416e-05,0.052664088478263184,0.17361109340622899,0.024955124308211403,0.0034697002021081636
144,0.0048732120473693134,0.00063792655226519053,0.025602644683873226,0.039176903920533808,0.002406480502625266,1.713964891382847e-05,0.0047960860473042315,0.017278922666675866,0.0025275088112355101,0.0003691865451385855,0.049886488108526833,0.0065303777168634241,0.26209120743234621,0.40104927357216952,0.024634852703038765,0.00017545653327061768,0.049096958482541857,0.1768822619989627,0.025873805003819386,0.0037793184484607749
145,0.0050712051539751135,0.00055444196889694068,0.026163732943924697,0.039881097571577526,0.0026961310447583577,1.7215885977384607e-05,0.0052784321745326769,0.017012017219405411,0.0023768680593024192,0.00027475589753673738,0.051056222598313349,0.005582048393301552,0.2634130019647789,0.40151761430582983,0.027144290675660047,0.00017332726245546077,0.05314255682631807,0.17127473877081581,0.023929993174786258,0.0027662060277405765
146,0.0046523918501600861,0.00075243392600046115,0.025560550315412496,0.039756946651134994,0.0025707227692077401,2.1940656853174669e-05,0.0045519679711164942,0.016984425992406085,0.0024260792880248651,0.00026089961662995601,0.047698073825476361,0.0077142360547141084,0.26205639061172303,0.4076031936940373,0.026356018233134122,0.00022494387920616766,0.046668490387379434,0.17413073338636537,0.024873078776175596,0.0026748411517886045
147,0.0051901736933420298,0.00060032809639207966,0.025247386388915671,0.038166986403033669,0.0026017846916423877,2.7515756028106089e-05,0.0043978045232795733,0.017128132666559336,0.0024583534918123343,0.00032264491406601642,0.053984956691238407,0.0062442392488393939,0.2626076006899361,0.39698923961754889,0.027062145160656248,0.00028620176997342349,0.045743225709447291,0.17815617642857504,0.025570263083389604,0.003355951600395582
148,0.0050674921903283918,0.00058937078545060655,0.025719772338971613,0.039723485917618317,0.0028505762865320425,2.1764454698027969e-05,0.00515490069743925,0.016976735646820368,0.0025654550959952338,0.00040509385437656291,0.051148223385634489,0.0059487548197367738,0.25959993851241286,0.40094501482374867,0.028772005403304796,0.00021967733722133597,0.052030472371837916,0.17135297591177173,0.025894163307487044,0.0040887741268442702
149,0.0045938006139888705,0.00062261653906263805,0.025757696684331904,0.040121561103980727,0.0026019243674302289,1.8651196594279123e-05,0.0054900356572863216,0.017842860302554771,0.002502901794084612,0.00037417751407695457,0.045971921569483751,0.0062307620871680167,0.25776713255181055,0.40151182328217616,0.026038453341876124,0.00018664966528982653,0.054940888788658993,0.17856033453137815,0.02504749653770165,0.0037445376444568152
150,0.0047456594429470984,0.00060068329793131283,0.025842111507280652,0.039795673877258429,0.0027095494131375289,2.6486167482325202e-05,0.0047635689079016958,0.017058817317909609,0.0026916515955389439,0.00030982370715759971,0.048157759251785455,0.0060955831315153107,0.26223925241305795,0.40383649625170598,0.027495826425686539,0.00026877497057061883,0.048339500000775269,0.17310859057469816,0.027314203871138087,0.003144013109066598
151,0.0044679198787481748,0.00054804819192790573,0.025190609740482785,0.038241734632699247,0.0023765733801742253,2.9355850326372485e-05,0.004951174828173084,0.01635938256314037,0.0025554832626316156,0.0003362067487713884,0.047002786681143112,0.005765500043700634,0.26500673425942911,0.40230535552066826,0.025001695341884712,0.00030882531651857793,0.052086657904632849,0.1721016915518056,0.026883838099254213,0.0035369152809628813
152,0.0051203154973756505,0.00073619430618144448,0.025295835807368681,0.039370892823562709,0.0025116184781126868,2.2427958517676974e-05,0.0048659003265063838,0.016495145884564692,0.0025020421350005952,0.00025517643207858713,0.052691397330461735,0.0075759211945654438,0.26031070468515677,0.40515225245097269,0.025846197805700577,0.00023079837056363552,0.050073298726568939,0.16974584598800627,0.025747650968078819,0.0026259324799250711
153,0.0051199880332115574,0.0004724046510838078,0.025179744319781747,0.039111380006490504,0.0024646346119289605,1.8871590697251844e-05,0.0049525109912425987,0.017202585387698512,0.0026206975787427256,0.00028159301864448934,0.052553441414236089,0.0048489351915482707,0.25845416226589374,0.40145359802955088,0.025297916683657055,0.00019370495197805628,0.050834395421110123,0.17657366725889223,0.02689980440881928,0.0028903743743143983
154,0.0045813824574930705,0.00049363717473764059,0.024926561609879792,0.03968171649009572,0.0023572015197613691,2.6398345359291651e-05,0.0054946302525017308,0.017762360978023726,0.0024915997517981569,0.00042235242118918663,0.04663561831997011,0.0050249188063225163,0.25373686306549359,0.40393514439875094,0.023994842473596512,0.00026871870442537522,0.055931911741166677,0.18080976533138488,0.025362932719346507,0.0042992844395427681
155,0.004804336794400536,0.00055645925456679877,0.025240926169486515,0.038103170365368873,0.0024905842732769017,3.0225454694305173e-05,0.0051078891096612558,0.016489594049565071,0.002669664645797965,0.00031977318331511762,0.050143046176190545,0.0058077864419147406,0.26344050815119879,0.39768424089600984,0.025994322955495527,0.00031546422228336077,0.053311233256402732,0.17210252137561632,0.027863391626750812,0.0033374848981373483
156,0.0049507415197390563,0.00066583820475156648,0.024695463025430048,0.03897811523268082,0.002725603827382348,2.3635538613652986e-05,0.0049592475505995355,0.017694633930952691,0.0023337976963691376,0.00032121506325539525,0.050855967155556084,0.0068397523354329515,0.25368152457668941,0.40039855447011452,0.027998476222551943,0.00024279356347878353,0.050943344455368633,0.18176625025447685,0.023973689299076371,0.0032996476672543535
157,0.0047989520502847169,0.0006528258955560217,0.026541873078086867,0.040510900084166239,0.0026353172463672893,1.9842008946595005e-05,0.0049994395715237915,0.017006100916074251,0.0024366569425910887,0.00040341471871167719,0.047986966390654535,0.006527911506666784,0.26540460458812204,0.40508744001280739,0.026351769887477113,0.0001984095290943427,0.049991734898994666,0.17005195812434043,0.024365272581278741,0.0040339324805639763
158,0.0051134942124790835,0.00065721662628485012,0.02515259351391709,0.040248859450163127,0.0026062005610739303,2.8948237338652994e-05,0.0051706650747555139,0.017280399827902568,0.0025176956573220062,0.000200875887365302,0.051663485908907229,0.0066400978470464609,0.25412577125979147,0.40664881911442974,0.026331389137830157,0.00029247453691907716,0.052241103857590988,0.17459014441248458,0.025437192008067506,0.0020295219169330324
159,0.0049666760393172011,0.00052129295455283025,0.024367737186671668,0.040255446382308074,0.0021709291639119581,2.0334589940628082e-05,0.0050966072527804359,0.016643493650160164,0.0024714936119384057,0.00031948320030031856,0.051290889469318965,0.0053833950717630677,0.25164574954456126,0.41571820561441558,0.022419196845227914,0.00020999541681242107,0.052632689791224686,0.17187744608988725,0.025523127474101941,0.0032993046826868726
160,0.0046293718760389534,0.00058213844729893514,0.025589518055148901,0.038835694683057982,0.0026422527988522312,6.0167593535727518e-06,0.0051447913008225822,0.016639370724611923,0.0024520002412923205,0.00036559581172952569,0.047781268776976638,0.0060084422596877202,0.26411782695507907,0.40083596986369691,0.027271559628236467,6.2100950957828994e-05,0.053101082075175804,0.1717404145014832,0.025307900446884319,0.003773434541822154
161,0.0047957762671257918,0.00066865404061855959,0.025055644500759578,0.040027105957808798,0.0021221239532444218,9.2223782328138511e-06,0.0049580956883949973,0.017011933735140948,0.0024935980462911789,0.00023887040147613337,0.049247543539902926,0.0068663688930238418,0.2572949351140198,0.41103598951143311,0.021791965672141381,9.4704057959349376e-05,0.050914392100191982,0.1746945438347994,0.025606611216944956,0.002452946059583436
162,0.0048777018609090081,0.00069293756955341812,0.025429461091305543,0.039869770820193821,0.0025640519289111914,1.8350900474840413e-05,0.0049936970977839399,0.01748347770754716,0.0024480491741333881,0.00041802692958269478,0.049371688210976872,0.0070138558299026113,0.25739486753688773,0.40355846874390044,0.025953118087329263,0.00018574627200885203,0.050545782247933914,0.1769662916748502,0.024778947954791318,0.0042312334414187766
163,0.0046384448882041554,0.00062784989812783392,0.025460925696349633,0.039161209603483786,0.0027038149220403617,2.5391773853285445e-05,0.0050503684827472436,0.017629012966256425,0.0028118692186825068,0.00031866404387721352,0.047125472673214881,0.0063788023637722522,0.25867681670410503,0.39786837129664054,0.027470102435856628,0.0002579742507861804,0.051310516274241352,0.17910648694129799,0.028567907826750116,0.0032375492333349483
164,0.0053127259175182904,0.00070919211718121979,0.025811618941128541,0.040893420626075261,0.0029169300922647122,2.3375690414289957e-05,0.0050561653269522904,0.017055904171779185,0.0019484512976710553,0.00037123666770316624,0.053074704152692255,0.0070849056381205857,0.25786085340580883,0.40852967670773421,0.029140445805898651,0.00023352566504746523,0.05051163621865299,0.17039031977706637,0.01946523833251455,0.0037086942964640597
165,0.0042004280123854902,0.00061508194961065548,0.02563940583184211,0.038925253869218787,0.0024634353274236021,1.7366515064013287e-05,0.0046907117517214674,0.017280529118535982,0.0024084307564892619,0.00044312337350291384,0.043445018374762605,0.0063617913517445912,0.2651883222847502,0.40260382146868456,0.025479306572897816,0.00017962182992707992,0.048516022091881904,0.17873247746818341,0.024910394407782241,0.0045832241493855884
166,0.004876010946941854,0.00066391088674578604,0.025131219944932209,0.038884326087608022,0.0027393120051361413,2.5182786574912866e-05,0.0049086438583454363,0.017120259896928738,0.0023790116800816367,0.0002706139256264918,0.050268935582943958,0.006844548538097673,0.25908876954530319,0.40087557319986961,0.028240768986406425,0.00025962039255208764,0.050605362580151463,0.17650026861849707,0.024526274899382659,0.0027898776567959831
167,0.0046082909030320876,0.00059957109351128728,0.025218669569415049,0.038829069755622683,0.0021713703626716012,2.7282718593807428e-05,0.004505686181815227,0.017077395159841812,0.0023684633345213758,0.00028753735294490527,0.048156863109357746,0.0062655469635289973,0.26353631830303537,0.40576565938033721,0.022690925446154434,0.00028510573056675918,0.047084638803647556,0.17845960645318759,0.02475055654690398,0.0030047792632804785
168,0.0047661194367197091,0.0005768689983454132,0.025216043537221997,0.038096292755304344,0.0025412605532956034,2.4030672388105333e-05,0.0051145417065945513,0.018025468474190207,0.0025228904663151526,0.00026985684571357969,0.049057683409876394,0.0059377145423110131,0.2595488210320831,0.39212526960213423,0.026157203431600586,0.00024734779180303181,0.052643995006850276,0.1855362076973345,0.025968120064457968,0.0027776374215489888
169,0.0049952954463190627,0.00050678355322657622,0.025060109838628355,0.039735309412552849,0.0027635468827060593,2.5263911463269662e-05,0.005441235695788792,0.017053905331675157,0.0021952626840580115,0.00035469301990177473,0.050904146402481039,0.0051643360167664912,0.255372983199183,0.40491939454251019,0.028161696664218486,0.0002574498068524164,0.055448463748613862,0.17378641625238425,0.022370643390780307,0.0036144699762098555
170,0.0052614180117168084,0.00051877376978171346,0.025282893789122369,0.039256888541372825,0.0025267422536429029,6.550232193373936e-06,0.0041713246358849026,0.016994048201371351,0.0023144943180281267,0.00035226916084321152,0.054417914733199763,0.0053655852294826898,0.26149649302927513,0.40602704605066775,0.026133647660252342,6.774789157369626e-05,0.043143271995226141,0.1757664310143561,0.023938404849880437,0.0036434575460858698
171,0.0048513522852216178,0.00050468388172031473,0.024754212242355616,0.040038396373329663,0.00258294814117803,2.3588201574684152e-05,0.0048474967196228107,0.01781073928063899,0.0022181021674282366,0.0003873536476476323,0.049494063129615302,0.0051488439580972389,0.2525453670266859,0.40847640022901638,0.026351538879050493,0.00024064958989020857,0.049454728198666455,0.18170724418970857,0.022629337604909601,0.0039518271943598674
172,0.0046703823511286139,0.00053228025554245676,0.025306228536415613,0.039665657709892874,0.0022052021086729403,2.7070365152405017e-05,0.0043841117150393016,0.017225993953295323,0.0026557785156488324,0.00024223252741132546,0.04819053126038992,0.0054922416122543966,0.26111793546667689,0.40928321797263478,0.022753995960908987,0.00027932087354516025,0.045236697291301718,0.17774343462414,0.027403190564926523,0.0024994343732216789
173,0.0047468289474674368,0.000538542574784177,0.024582487048707642,0.038278122617457208,0.0026571535193180605,3.093182721171344e-05,0.0048880057654469289,0.016843302438321099,0.0027985084249485884,0.00027988843747342668,0.049630298638401273,0.0056307124423121231,0.25702130559242387,0.40021552869212074,0.02778177266366284,0.00032340660237353033,0.051106367760478999,0.17610454038306653,0.029259703774744707,0.0029263634504152224
174,0.0052762356056200209,0.00075526936641957039,0.025832945264672971,0.040055322350508835,0.0029586027428272987,2.4431143717713224e-05,0.0053597622399397023,0.017246208806320246,0.0022177396040603693,0.00026499103645983066,0.052766836931277074,0.0075533350812841873,0.25835139143211588,0.40058724073044216,0.029588540039589765,0.00024433218547405581,0.053602174209974492,0.17247673451059164,0.022179279469408165,0.0026501354098426091
175,0.0048875881214422243,0.00069847469268006211,0.025916180022669297,0.039692360710355618,0.0026085347125966111,2.116458374717062e-05,0.0053748952404176018,0.016933588123111468,0.0022228770273872429,0.00031401253428464166,0.04953485539873502,0.0070789195083347922,0.26265597632471949,0.40227517118233069,0.026437045548945683,0.00021449937462839194,0.054473628280869102,0.17161896997420281,0.022528471995775682,0.0031824624114583176
176,0.0051601401759467855,0.00069089250193623164,0.024642205116608602,0.038783887736590791,0.0024819063190418132,1.0973102421006019e-05,0.005254681655738982,0.016713150099606163,0.0022304465788210324,0.00024107740486706386,0.053634491891998093,0.0071811359827142866,0.25613105564233957,0.40311969082635923,0.025796931828682892,0.00011405441572554315,0.054617155939577326,0.17371646562733184,0.023183259537200844,0.0025057583080703933
177,0.0050869267575521767,0.00051934741113092181,0.025816561552027068,0.039180016757867003,0.0024950057848335569,1.8681583260128047e-05,0.0050077936544373073,0.017061108806588718,0.0022800486713165269,0.00038228639133140762,0.051988168707181037,0.0053077077996901223,0.26384412856220296,0.40041805558417803,0.0254988498654414,0.0001909249628575617,0.051179431858562004,0.17436378490248169,0.023301997578205103,0.0039069501792001766
178,0.0048320107720301268,0.00055220948695087883,0.02439120529970638,0.039187029692098564,0.0026011235743905545,1.2890582398910801e-05,0.0045795879663732292,0.017138193799447539,0.0019663019696861605,0.00034671553029148313,0.050540203052321056,0.0057758107162062099,0.25511873352469505,0.40987500465026849,0.02720633703360836,0.00013482847672334738,0.047899997875879313,0.17925618038516819,0.020566448523947494,0.0036264557611825365
179,0.0048426762553328648,0.00058247543952524741,0.02531753151475305,0.040341619310913256,0.0023560673897118087,1.0643331654215926e-05,0.0051171567379931738,0.017087696492051649,0.0026046442890292087,0.00033541178551692633,0.049116394778393253,0.0059077031228208154,0.2567807152757004,0.40916113231655066,0.023896194983124987,0.00010794900417102243,0.051900287616668685,0.17331037684642525,0.02641736312981191,0.0034018829263330035
180,0.005031796293670174,0.00053377075564014739,0.025010818962733199,0.039194731300307276,0.0026500151911104867,2.1815306731095456e-05,0.0045053615039195574,0.017125018935700377,0.0021944156283971129,0.00031868324291147831,0.05209630839082826,0.0055263536663468288,0.25894755306943112,0.40579957731697081,0.027436724497400918,0.00022586306773454527,0.04664590707211648,0.17730254080343327,0.022719710147734117,0.00329946196800348
181,0.0050586483632385831,0.00054891103221612269,0.025664904103015487,0.038014375877232859,0.0027198925508770877,1.332206393193217e-05,0.0052651978057749313,0.017380762778602094,0.0024037789005747364,0.0002728208310161121,0.051967459465508077,0.0056389592176751572,0.26365538141610212,0.3905214190934494,0.027941437265220734,0.00013685747015164499,0.054089340452657592,0.17855245518555057,0.024694003933431657,0.0028026865002530638
182,0.0050211918886503247,0.00073315977058582404,0.02491104003837083,0.040324227314419404,0.0022627977737773477,2.565752095521378e-05,0.0052002831197709614,0.01689261481652941,0.0022678741731358889,0.00018079336885854785,0.051331122254015218,0.0074950160540035692,0.2546629704741265,0.41223038035129533,0.023132346211349367,0.00026229416722033458,0.053161953276437371,0.17269144369830833,0.023184241713824084,0.0018482317994200179
183,0.0050727825527164946,0.00065661207363978339,0.025816814861898515,0.03908363141795957,0.0026501477893145797,2.120672973639694e-05,0.004953716141897554,0.017004731909195263,0.0023630517086855236,0.00038468679125527573,0.051759188445042251,0.0066996185430049683,0.26341704411757244,0.39878252668162423,0.027040287536253777,0.00021637890237212283,0.05054431658112761,0.17350460308497481,0.024110956348747062,0.0039250797592808289
184,0.004997753213830983,0.00053821737044730598,0.02613290722748992,0.040028351140272103,0.002869482401273272,1.9457968355739836e-05,0.0050991444852950072,0.01751965055831578,0.002310067152748947,0.00043064351061256181,0.050004697175728391,0.0053850991580482906,0.26147111638398524,0.40050108350162333,0.02871042094068562,0.00019468544637037802,0.05101916099754928,0.17529173276677698,0.023113227781861964,0.004308775847370599
185,0.0045260796163920586,0.00061349425283312479,0.02571782629454036,0.0402338362085045,0.0025948483758260286,9.9340631355159397e-06,0.0047644676594087304,0.017125938216530048,0.0022641572235340161,0.00026612856585027573,0.046129549129896495,0.0062526989526388715,0.26211464050953609,0.41006099789819717,0.026446548841912883,0.00010124741328226366,0.048559186669300501,0.17454659999656583,0.023076163199285453,0.0027123673893843809
186,0.0047481870146588428,0.00044975618451377128,0.025163342663367845,0.038783994367472652,0.0026453363063846016,2.8386145514266752e-05,0.0051326559426000421,0.017037223859688783,0.0021310851830754025,0.00034866589487901226,0.049220009026038104,0.0046622012555406532,0.26084481280804062,0.40203735592962381,0.027421724644624494,0.00029425259243438351,0.053205438421526377,0.17660894770227686,0.022090964745575398,0.0036142928743192479
187,0.0047086107123112588,0.00054887749871529922,0.025896249063237654,0.039527196636202147,0.0028086637965033193,3.1599801292935453e-05,0.0048416918525068771,0.01733628092244547,0.002788151754721802,0.00026686770663875256,0.047680110833676279,0.0055580173371373191,0.26222937102939581,0.40025842689244823,0.028440958340783678,0.00031998441154413096,0.049027710773889739,0.17554982697225496,0.028233250274578375,0.0027023431342912854
188,0.0051646696262120685,0.00058681801146027209,0.02538053034281702,0.039475540438458828,0.0029018523084705372,2.1213185557426105e-05,0.0050229558932567194,0.017056871308519867,0.0024222288633221323,0.00041059207830787872,0.052463408807196459,0.0059609762983515602,0.25781884137577715,0.40099784996834992,0.029477406102557419,0.00021548639246038459,0.051023861644702885,0.17326599321841571,0.02460532662846493,0.0041708495637235088
189,0.0048915606313178032,0.00078662314263930127,0.02593738734164747,0.03984973523376225,0.0028202030414118521,2.119594724802505e-05,0.004707987747752722,0.016511557401269729,0.0023707048516928854,0.00035607066305455028,0.049785343315821733,0.0080060958389710814,0.26398563379791679,0.40558277801065973,0.028703472617324616,0.0002157281878284082,0.04791697456388401,0.16805138806582717,0.024128568331824571,0.0036240172699417866
190,0.004715423140347846,0.00061529895333646209,0.025350071688753167,0.039963744430281063,0.0028118460100443042,1.4193543103280509e-05,0.0053032218070861586,0.017316812341489927,0.0026454999324379827,0.00040088994457321671,0.047564714033487769,0.0062065519656406129,0.25570746775336306,0.40311633101785349,0.028363234304375678,0.00014317099414745598,0.053493869203772401,0.17467557045872664,0.026685292924261615,0.0040437973443713466
191,0.0050741026759494566,0.0007243635728006177,0.02544449648142497,0.039941965782829374,0.0026405586796765892,1.0937293982312337e-05,0.0049098258022020743,0.016800679918725997,0.002495810598168318,0.00036070651980721704,0.051564277612773393,0.0073611605333710238,0.25857322251365933,0.40590006619058516,0.02683400583457533,0.00011114746769111043,0.049894855674699687,0.1707326356478254,0.025363040279584425,0.0036655882452351772
192,0.004206464414362167,0.0005617598835682651,0.025238746463363691,0.038864493516393907,0.0025419798257005888,2.4487462613911728e-05,0.0049107063027117332,0.017383563056860535,0.002557388999448974,0.00023977642074045723,0.043577043687356078,0.0058195749628777655,0.26146184750617274,0.40261834286970127,0.026333746111989603,0.00025367889110758938,0.05087266692626765,0.18008574711444106,0.026493378090647685,0.0024839738394385386
193,0.0049415931727065602,0.0006802077898796678,0.025565111407116738,0.038396736940188025,0.0026390479840934246,2.4070753026004062e-05,0.0050828808745491047,0.017423997786456247,0.0021544733596880021,0.00025572956704351778,0.050858351035726876,0.0070006261838807893,0.26311340589344312,0.39517513030336704,0.02716080099763421,0.00024773362846870973,0.052312469026869313,0.17932593090903179,0.022173610533001455,0.0026319414885766831
194,0.0053454945653712369,0.00056303901706356507,0.025639960767570774,0.03897167244668627,0.0026318463890372804,2.1806636740556685e-05,0.0049602666265511968,0.017641714304090485,0.0024256865363005797,0.00020388276025088884,0.054321167256151701,0.005721628979997867,0.26055448757146987,0.39603196885513658,0.026744946822607852,0.00022160006846731428,0.050406462818521673,0.17927593072600745,0.024649940700150749,0.0020718662014887405
195,0.0049397506278717907,0.00063459532838706738,0.025348984613206789,0.039839752781974623,0.0025427876583452823,2.2236003316650741e-05,0.0049495110157793528,0.017488303012310941,0.0023198627804834468,0.00024156899858543076,0.050237807549863213,0.0064539043326741772,0.257801963402226,0.40517467051920092,0.02586043034224058,0.00022614260100439499,0.050337071769102425,0.17785796638173396,0.023593259799478856,0.0024567833024754528
196,0.0049093798148866444,0.00060006998716989352,0.025004677097861267,0.038532792347141624,0.0024916553506850012,2.0396951043407336e-05,0.0053313074839820814,0.016445133409496,0.0022632343118299926,0.00029216005192820199,0.05119760671966965,0.0062578468902004846,0.26076198470665496,0.40184031848943513,0.025984298533699154,0.00021271018278809544,0.055597691390444681,0.17149854044676652,0.023602203247786318,0.0030467993925549879
197,0.0051841572183417969,0.0005419831971175225,0.025063640903648612,0.039886797735259112,0.0026570493432153072,1.3394339467116459e-05,0.0044061605388301265,0.016450670310376225,0.002256876624507252,0.00029509940862750369,0.053579791922975288,0.0056015559915048784,0.25904011161127677,0.41224180384956882,0.02746138763594266,0.00013843444389662011,0.045538967069608999,0.17002252344988822,0.02332548471120708,0.0030499393141306245
198,0.004994888735352066,0.00054083842213518843,0.024480880884742005,0.039547516516870031,0.0025005135809875005,1.733311089122069e-05,0.0047274027143573158,0.017194078368473777,0.00196972976273828,0.00021333872457988623,0.051929196447813963,0.0056228088667533323,0.25451467290586111,0.41115445469136314,0.025996507199148689,0.00018020311726893744,0.049148286828552663,0.17875767021918434,0.02047823069098504,0.0022179690330687849
199,0.0051085901345837735,0.00074106906819755201,0.025414771513405474,0.039589510806671085,0.0026177602604698026,2.2107630953439683e-05,0.0047124619843055228,0.016578419798996848,0.0021978888293019546,0.00040227402854929936,0.052457748015680053,0.0076096953205445116,0.26097252760617712,0.40652636583647184,0.026880568707118309,0.00022701303162456118,0.048390091354688795,0.17023612100460561,0.022569103282229514,0.0041307658408597236
200,0.0045961965742124704,0.0005137453792345766,0.025421857497498208,0.038284822001217543,0.0027802090419886448,1.6063919187281894e-05,0.0050314106810311248,0.017081454402511159,0.0021462805791101973,0.00042511101471489726,0.047729309975983923,0.005335000811713105,0.26399386907669109,0.3975696224403934,0.028871145309063772,0.0001668161415507573,0.052248800967038364,0.17738275960439848,0.022288100476498318,0.0044145751966687815
201,0.0047919217838840039,0.00052554667406241613,0.025478706270799564,0.038371323642440745,0.0024276543491424706,2.5247828668993604e-05,0.005468371303771623,0.016370436140602605,0.0030042990399544414,0.00031568865193574649,0.049513965785248935,0.0054303682763758038,0.26326635688995936,0.39648318391928805,0.025084465023221411,0.00026088074498058992,0.056503582872866741,0.16915243017560508,0.031042818848430784,0.0032619474640231908
202,0.0045968516308843767,0.00064700274802046473,0.025084498567809786,0.04009538476456919,0.0027428671646020208,1.880172263263502e-05,0.0051957998269210265,0.016721501913259378,0.0025171564747697613,0.00040890346966682861,0.046892883705396946,0.0066001313629865613,0.25588915383858019,0.40901651083447366,0.027980226750170173,0.00019179800952237,0.053002806399791248,0.17057749685238149,0.025677732351991656,0.0041712598947055719
203,0.0052134205582182033,0.00047467604129910698,0.025454300961643493,0.039708087161470784,0.002321098993907107,2.2748854755794732e-05,0.0048259024919185762,0.016995802742330562,0.0023722020984338521,0.00037737932952948612,0.053325704875517438,0.004855245075115552,0.2603604535132899,0.40615594186163279,0.02374146465909769,0.00023268767624189582,0.049361959037892603,0.17384232694048782,0.024264175044685171,0.0038600413160391239
204,0.0050798135149105117,0.00068702967498685279,0.025950473055418519,0.038697617542834579,0.0024278974095564149,1.3812301953906964e-05,0.0052098762982424364,0.017043237073301836,0.002627830450817506,0.00030581567117460518,0.051811884938989507,0.0070074033949486933,0.26468352039166892,0.394698841139976,0.024763495915425093,0.00014087946289323864,0.05313846866988009,0.17383359362265705,0.026802725839696121,0.0031191866238651921
205,0.0048778661144717418,0.00058824307775050234,0.025036448086949967,0.039775556691609273,0.0024853363947887684,1.7960059854047656e-05,0.0048093589709421536,0.016759293082337701,0.0022670739237879186,0.00022925213161901435,0.050367041954834144,0.0060739805237374671,0.25851710596447969,0.41070769177520322,0.025662664683808904,0.000185448937496743,0.04965966252059268,0.17305026378381438,0.023408967108664185,0.0023671727473685558
206,0.0048340180208583132,0.00057019612153941864,0.025343370117076127,0.039380159469039749,0.0025014388346404114,2.3408991762138478e-05,0.0048921670525659631,0.016902548542323568,0.002493443765428453,0.000335695755430574,0.049693612239190561,0.0058616051578225499,0.26052935715135273,0.40482728159637293,0.025714743087904755,0.00024064398488352507,0.050291383166252868,0.17375787377954052,0.025632553930245387,0.0034509459064339817
207,0.0048993204797778125,0.00059227890211930396,0.02575832963875245,0.038852151386890202,0.002549726262532801,1.2541870063646993e-05,0.0048293879626932663,0.017101010560006132,0.0023088395032759422,0.00025804040286481113,0.050424438460073981,0.006095810873035486,0.26510805183384861,0.39987135455539119,0.026242111645031704,0.00012908254477512611,0.049704683971947966,0.17600580695778667,0.023762874040933392,0.0026557851171759737
208,0.0049949535319004992,0.00062330395554017831,0.02566655305511709,0.039640741445139439,0.0026202284349761957,1.9780646428330461e-05,0.0047863103335879648,0.016648726398588203,0.0024561614272444326,0.00032939982037613608,0.051080373546554245,0.0063741531685326961,0.26247633923613256,0.40538192552707675,0.026795493968281719,0.00020228472639403954,0.048946705547505409,0.17025647147325751,0.025117679752777861,0.0033685730534872326
209,0.0048001261552009416,0.00061621974806807026,0.026007781029524647,0.039544092985144809,0.0027723358694085659,1.5533316758870644e-05,0.0050023996722235011,0.016386926012400774,0.0024899931777455785,0.00043314111849508734,0.048946641915155728,0.0062835613845387949,0.26520001847881297,0.40322910203231505,0.028269367654317937,0.0001583924398168867,0.051009214665643766,0.16709664989743481,0.025390333608261505,0.0044167179237024814
210,0.0051188905943044417,0.00058907057094523393,0.025168079644208311,0.038893786598380102,0.0026848976875549868,9.2745067258787421e-06,0.0048934433787369905,0.016482838179924023,0.0024542706601568022,0.00019292807240489879,0.053052381510667705,0.0061051503427843601,0.26084295778094096,0.40309671929843877,0.027826384216096251,9.612134896808255e-05,0.050715837786894813,0.1708287769371149,0.025436156720745326,0.0019995140573488253
211,0.0050822858604691002,0.0006830984634792407,0.025101454854783781,0.040239510010525711,0.0027803044298531066,2.1246587995344475e-05,0.0045489857813276217,0.016423362701449014,0.0026466439505663302,0.00029991817569898567,0.051951871047095095,0.0069827326249347794,0.25659075099523021,0.41133416979267812,0.02842067942987837,0.00021718573689654934,0.04650039946489519,0.16788202093508314,0.027054382418132045,0.0030658075551766666
212,0.0047218288153052764,0.00060388543250611325,0.024889753879123216,0.039840518541607306,0.0031292713832024371,8.6793182989533916e-06,0.0050774644799438879,0.01686400805277705,0.0024865341015197469,0.00037807414248494311,0.048181917764889261,0.0061620951090203789,0.25397703337000688,0.4065358282070976,0.03193133473216208,8.8564456038721137e-05,0.051810852446370612,0.17208168295969908,0.025372792255974986,0.0038578986987402738
213,0.0045319970749351755,0.00052441491692558435,0.025894396518337182,0.040097191979668136,0.0026648852766458925,5.7601699112874975e-06,0.0047089464490456924,0.016592794756200686,0.0023121870521558589,0.00034258805187309068,0.046398664417214783,0.0053689689872890743,0.26510727930198569,0.41051574481959907,0.027283141541577002,5.8972719152469736e-05,0.048210275169039356,0.16987731962463568,0.023672211020644433,0.0035074223988624865
214,0.0043804401647700901,0.00038787527546614369,0.025688894210196191,0.038396492574967425,0.002618538738152956,2.5318373973946104e-05,0.0052209901115601743,0.017076998537092752,0.0023266449349541498,0.00035714270354658781,0.045402884839616658,0.0040202938064896991,0.26626317484326356,0.39797633686384137,0.027140928378067173,0.00026242276452274199,0.054115112606813918,0.17700161828979549,0.024115474260780149,0.0037017533468091898
215,0.0042118037489290517,0.00048193187371769932,0.024760911048420129,0.038164261073544058,0.0025412518467082413,1.2113955951091385e-05,0.0048671148751856649,0.016937537670850725,0.0022161333599428268,0.00037415945271611112,0.044537671696966423,0.0050961832154217826,0.26183397730075508,0.40356755242525738,0.026872439267090802,0.00012809889189124922,0.051467251881704985,0.17910580290716632,0.023434477460381638,0.0039565449533644683
216,0.0048929969481457877,0.00063498402064344713,0.025202567164811673,0.04022933996406524,0.0022890588019562059,3.0411739239142001e-05,0.0048449893547316807,0.016493427675977324,0.0025202281072734534,0.00038605864011280081,0.050172201884147824,0.006511049733845386,0.25842409083678242,0.41250681080190998,0.023471733490443705,0.00031183831441638382,0.049679937798502438,0.1691216225741389,0.025842115728305172,0.0039585988375077765
217,0.0051091392150926541,0.00060937378875157227,0.025574026828050243,0.038222158825245982,0.0025652339379637627,2.0093768725050065e-05,0.0048476189960357866,0.017277836810467188,0.0025208475593624718,0.00029495894528521453,0.052649127859427727,0.006279531084882291,0.26353758464301985,0.3938752189623464,0.026434458702990771,0.00020706411672200749,0.049954190244442254,0.17804624244362408,0.02597706186492987,0.003039520077614793
218,0.0043878625817774007,0.0005592291262944294,0.024945551254677466,0.039378814100581618,0.0021987146584725495,1.815962588420861e-05,0.0048829585206491936,0.016640681429673839,0.0025699023137606232,0.000284409832290365,0.045770654959600407,0.0058334286696400568,0.26021193644409174,0.41076813125398037,0.022935223724986766,0.00018942661832514678,0.050935097776043617,0.17358221088630951,0.026807154939517085,0.0029667347275053081
219,0.0046288261216264155,0.00050635746668343487,0.024445166106007801,0.039986111390726921,0.0029460987523876377,2.0209108507861217e-05,0.0045719005530544905,0.017058972010176223,0.0024609825116235135,0.00028205754917339057,0.047765809814510597,0.0052252069566311515,0.25225470225557278,0.41262491649615007,0.030401399621351417,0.00020854195170505371,0.047178383151563481,0.17603504457904132,0.025395385248504845,0.0029106099249693318
220,0.0047065704527003913,0.0005088487113213845,0.025255297318115627,0.038881789397930119,0.0023935585378031519,2.6927431216732452e-05,0.0052693255262502041,0.01530511650066216,0.0027669544812448537,0.00039708864922827404,0.049277538157863718,0.0053276184943396839,0.26442159737938142,0.40709023267743061,0.025060428472286511,0.0002819287488864564,0.05516955335004501,0.16024374222194174,0.028969863810789299,0.0041574966870354538
221,0.0050089485080917978,0.00053635780950823887,0.025941651718271841,0.040066168209142383,0.0024179071667725055,2.4737969040505862e-05,0.0050803176391599775,0.017179638528605032,0.0024565430341887155,0.00035611601535767359,0.050560513601681165,0.0054140157917774772,0.26185600279836641,0.40442940058837262,0.024406445383838866,0.00024970598482493761,0.051280916280264009,0.17341191391652089,0.024796437274722614,0.0035946483796311713
222,0.0050615309492734167,0.00068404007734977883,0.025260769854580645,0.039702316825728931,0.0024680720349400474,6.6894827782689983e-06,0.0044003156045134039,0.017003444122352284,0.0024451083494709059,0.00038243308933196522,0.051958584174886101,0.0070219374916745507,0.25931162922160245,0.4075597267707628,0.025335719540650718,6.8670142987278435e-05,0.045170951442269652,0.17454696840706593,0.025099988376231921,0.0039258244318686004
223,0.0044747762201203479,0.00048160333571230018,0.024304311931574289,0.039052515690924071,0.0025590966717725632,7.8097858446429336e-06,0.004874902698815786,0.016648642999062824,0.0024588469608412067,0.00030651202561534345,0.047019253735084907,0.0050605054482279555,0.25538050471194479,0.41034904405019806,0.026890018589454577,8.2062271761170765e-05,0.051223631228491905,0.17493763509289553,0.02583663259576938,0.003220712276171672
224,0.0046055374668456366,0.00050785371050784619,0.025135427109112898,0.038225128298322017,0.0024267831188582605,1.6137154224680219e-05,0.0050905705070588289,0.016914445243681683,0.0022626254804681482,0.00025083589338130099,0.048258195283416412,0.0053214426575669636,0.26337650245942612,0.40053429581965849,0.025428557362398616,0.00016908991523775338,0.053340516150854472,0.17723460237949315,0.023708464663615231,0.0026283333083327969
225,0.0049175129510608748,0.00052762310636016998,0.025223058396168379,0.039334835495274466,0.0023452476680463821,2.5213904920362599e-05,0.0048125497432421087,0.016879743083525522,0.0025042014091930655,0.00045494998904760245,0.050682980753440875,0.0054380155194007429,0.25996470084743289,0.40540954954001085,0.024171597229043155,0.00025987035936979807,0.049601163929643741,0.17397324670813261,0.025809874440186394,0.0046890006733390152
226,0.0049196724713818441,0.00073244495326718606,0.026067904754752867,0.039208720019916529,0.002371365547966988,1.6532291530320091e-05,0.0047872349382397719,0.017155930899262824,0.0023967258170109378,0.00029272706506904483,0.050226745293874157,0.0074777998583310896,0.26613682518059656,0.40029624028731836,0.024210142864033304,0.00016878424339176115,0.048874641818862238,0.17515120703036308,0.024469055176034593,0.0029885582471949643
227,0.0049192775182504448,0.00063333094278774358,0.026311066735560645,0.039773456592955683,0.0029021992533103816,1.022709730816079e-05,0.0051601839933374085,0.017423789176870194,0.0025298587672928897,0.00033687307879013963,0.049192645728877542,0.0063332927614081682,0.26310997496470068,0.39773351926809253,0.02902191616005555,0.00010227070394963998,0.051601704140154254,0.17423743325163413,0.025298521098235403,0.0033687219228919116
228,0.0049687513383120533,0.00055177046112277965,0.02437668022196457,0.038735206186953308,0.002427953020505913,2.2631641431905584e-05,0.0047657567381749269,0.016397212332494828,0.0021891926771563479,0.00027457596765390811,0.052462944489238904,0.00582591099890299,0.25738305949343482,0.40898866407263318,0.025635729354198954,0.00023895793274810373,0.050319610336754,0.1731312319344554,0.023114759841638258,0.002899131545995139
229,0.0047698789818708025,0.00073127912355326239,0.025102085745033757,0.03968741076138313,0.0026803347872855314,2.0230257979877638e-05,0.004867615553923098,0.016357366841875359,0.0023838701685491249,0.00029553467054854835,0.049226989074821467,0.007547082339536079,0.25906319749884982,0.40958937184446104,0.027662087820689001,0.0002087840576965042,0.050235668159325578,0.16881432880756797,0.02460245871834137,0.0030500316787111324
230,0.0046462767017624107,0.00067184909450942966,0.025395694863441388,0.039674443211976024,0.0025699087248030337,1.3851923176378663e-05,0.0046533229730263866,0.017794275211512001,0.0024275022505918249,0.00042897127324455344,0.04727779063365542,0.0068363429185307328,0.25841171798798651,0.40370389885973895,0.026149886121236681,0.00014094905788927711,0.04734948936340172,0.18106412336751262,0.024700841239755394,0.0043649604502925396
231,0.0043196711071793389,0.00062883534603254453,0.026155845119478684,0.039544679351466681,0.0024429750669417321,2.6500674113533607e-05,0.0052874248194179855,0.017247479429275275,0.0022945396446489804,0.00039305475430217622,0.043925431649157569,0.0063944368275675092,0.26597089419889336,0.40211790824856125,0.024841876073666103,0.00026947735615703486,0.053766227044322434,0.17538441237615016,0.023332481067782983,0.0039968551577414966
232,0.0047167649923348341,0.00060205763057509325,0.02477582223949034,0.039518234231962018,0.0026790892807631831,1.5458229695899254e-05,0.0049122392556950724,0.017091672591720408,0.0025218412444544384,0.00040574611146030601,0.048506963164533685,0.0061915290154781035,0.25479325315020462,0.40640344289621078,0.027551613291665888,0.00015897162136897422,0.050517210210515057,0.17576986222000821,0.025934482754673034,0.0041726716753414817
233,0.0049847424336099668,0.00049324946400664546,0.025203741072476419,0.039508491520720765,0.0027308092031070466,1.2736328781218523e-05,0.0052776834557581292,0.017019466178819852,0.0023443642151879116,0.00030129507336154815,0.05092885843883866,0.0050395045405054253,0.25750533318523133,0.40365623672428341,0.027900537927653079,0.00013012641960307518,0.053921821876090514,0.17388701528114708,0.023952249255518188,0.0030783163511293355
234,0.0049212191778958917,0.00066876940041783479,0.025572017377938096,0.040514923947444201,0.0028796715414137536,2.0456429320117351e-05,0.0052022208317553586,0.017254143960598774,0.0023854354641232238,0.00031387234651705364,0.049344073448484085,0.006705616072240384,0.25640546744808745,0.40623498177075618,0.028873886512769262,0.0002051124963910209,0.052161620431448466,0.17300382610605911,0.023918280916445937,0.0031471347973181423
235,0.0049181577324184577,0.00059275352266109865,0.024719445813624532,0.038656754808390606,0.0030049481252265088,3.2637857241357726e-05,0.0046075727362658771,0.017336290347230353,0.0022931237889440548,0.00028161235256763013,0.050995329702444303,0.0061461349889491753,0.25631066710575245,0.40082365469621756,0.03115766689925055,0.00033841498816385141,0.047774940048197719,0.17975630107324383,0.02377691201217675,0.002919978485603682
236,0.0047368675349550747,0.00061821697145600949,0.024946911161339885,0.038884986403094436,0.0024778407929618436,2.3190393564916656e-05,0.0053351370927403451,0.017264587178466892,0.0025970620016909133,0.00031893026048746123,0.048731335157115134,0.0063600128594529523,0.25664561653180368,0.40003595013070842,0.0254912110707653,0.00023857514125061506,0.054886135585793278,0.17761239425308992,0.026717719652130514,0.0032810496178901295
237,0.0053940773564978908,0.00067722117745713578,0.026345150769679904,0.039626111656445494,0.0026358297293867074,3.1838619539704941e-05,0.0051025712498145998,0.017571887045925955,0.0024166296039047452,0.0003818887709741073,0.053842131560402025,0.0067598273666232929,0.26296973142422281,0.39553647009962989,0.026310095625435893,0.00031780395953968373,0.050932401293409243,0.175397531693081,0.024122102904115518,0.00381190407354073
238,0.0046260337399377863,0.00061356027464782301,0.02494867255827396,0.038686244447661215,0.002426971170891972,1.2539302819659215e-05,0.0047778537039857736,0.016331196739501067,0.002470559348694478,0.00028680973124409084,0.048602776899085466,0.0064462852670959534,0.26211974110989356,0.40645162003908097,0.025498633384580784,0.00013174243243244617,0.050197852131189317,0.17158143590100947,0.025956586482259954,0.0030133263533721395
239,0.0050120551924104995,0.00059712628679381148,0.025604326406177109,0.039014287741565706,0.002509540548111794,3.0002794876709875e-05,0.0049568151846038147,0.017618490381895835,0.0026515268147465662,0.00040612633209763084,0.050935366156541276,0.0060683382149490936,0.26020578198441663,0.39648546457797107,0.025503383701025371,0.00030490552958772259,0.050373985661692718,0.1790491573369461,0.026946329199948379,0.004127287636921868
240,0.0044508291716809176,0.00041072974968028327,0.025838218075551676,0.03911113556679266,0.0026308374277731555,1.7013022123936141e-05,0.0049632252659750136,0.017328209344046507,0.0022743748883141033,0.00024287963754333417,0.045758669249820992,0.0042226843677273434,0.26564094673563821,0.40209890053135428,0.027047459038302541,0.0001749097128378603,0.051026578329074354,0.17815013101624522,0.023382692134454406,0.0024970288845447943
241,0.005185386722198931,0.00057521669220348163,0.025919670195579642,0.038430139826286888,0.002786697711634653,2.6907063748478022e-05,0.00495753517965294,0.016980845927819479,0.002330240138066438,0.00030343643378674028,0.053185594136089621,0.0058998958362868059,0.26585347111368463,0.39417114458288904,0.028582665365432774,0.00027598099208183628,0.050848561178980865,0.17416953218515016,0.023900860796409542,0.0031122938129945843
242,0.0048106194523428345,0.00048791959078581406,0.025189687767995267,0.038888235553236714,0.0027084190471177725,2.8672909399151716e-05,0.0050048484823014515,0.016541762763550797,0.0022511495524931563,0.00031370493808656366,0.049993436732751369,0.005070610434741607,0.26177898173461372,0.40413850295978876,0.028146723643234343,0.00029797769210206202,0.052011924542293399,0.17190708563842216,0.023394638433459625,0.0032601181885930277
243,0.0049965690999230752,0.0006694022380335442,0.025154082658633024,0.03913783415095555,0.0026095318662672086,2.8945961627506992e-05,0.0049133222428442876,0.016972318312082436,0.0024635006570879118,0.00038963460992713064,0.051333660255246924,0.0068772924729180512,0.25842755446943494,0.40209356485478875,0.026809760771699057,0.00029738449128437639,0.050478400217180926,0.17436989353149526,0.025309468005050774,0.0040030209309009487
244,0.0045424588721155977,0.00061474696080557106,0.025339469717396128,0.039307473823117847,0.0021739443602964829,3.0336855670133343e-05,0.0048532091681007528,0.016459153609447601,0.0021323738115324002,0.00033903496936591327,0.047419923232421737,0.0064175052563960576,0.26452539089023619,0.4103410605640902,0.022694377115802754,0.00031669441760312148,0.050663927326883774,0.17182143473478217,0.022260411220542078,0.0035392752412418387
245,0.0052254656358398759,0.00045820136571846965,0.0258831384940734,0.03979587826737329,0.0021948936756335051,2.4032396214418794e-05,0.0050185271417093561,0.017901412817126129,0.0023343535867302164,0.00029084708319706344,0.05271498976210133,0.0046223785564992528,0.26111154025546068,0.40146457017150272,0.02214229423811423,0.00024244107773148317,0.050627374732226262,0.18059113945934108,0.023549178963422557,0.0029340927836005106
246,0.004276599941776529,0.00053712310898883307,0.025080945655726983,0.038227111455421209,0.0024957195879376638,1.8567735391160734e-05,0.0053259569092318952,0.017534675071384467,0.0024717070473402529,0.00047204218651536808,0.044344463339159021,0.0055694795724278295,0.26006666283585295,0.39638048112414515,0.025878348987244563,0.00019253057862655645,0.055225343525881695,0.18181867989832781,0.025629360716024688,0.0048946494223099388
247,0.0051197448241137181,0.00053265851076688461,0.025948752007626395,0.039829139225307848,0.0026479386908546871,2.0812092822642842e-05,0.0052760529855124978,0.017228108888984753,0.0022385193368312435,0.00031768230707375126,0.051631457694864422,0.0053717394732130551,0.26168723980266323,0.40166777595020825,0.026703857163257273,0.00020988520464003651,0.053207789816850641,0.17374154490563268,0.022574956449855112,0.0032037535388152369
248,0.0046529359651269978,0.00036301797714716975,0.024791329364949093,0.037905004084496159,0.0026874037273915958,1.9329132705692292e-05,0.004998155974288823,0.017082916178611435,0.0025392654686959837,0.0003063395675458483,0.048800691483831767,0.0038073870860503433,0.26001518715934407,0.39755337788543832,0.02818589406255825,0.00020272684792789448,0.052421410807591468,0.17916819150848146,0.026632197748287286,0.0032129354104892243
249,0.0048564495984865959,0.00061278580386927379,0.025153494940251556,0.03995216285752097,0.0027414602358720292,1.684723094469778e-05,0.0050122620713592735,0.017058382607701643,0.0023173514952062771,0.00036670887021498464,0.049511196750129167,0.0062473125450560399,0.25643829132464752,0.40730977552991549,0.027949013856380534,0.00017175645480964802,0.051099695064397134,0.17390913267010785,0.023625252047116591,0.0037385737574399326
250,0.005018300412146611,0.00051103903265165213,0.025680619052069701,0.039233319601853028,0.0024401799864570443,2.2398692575611635e-05,0.0052424171810952595,0.01697227443464755,0.0024129586356786041,0.00032339465793742613,0.051282028407072577,0.0052223095544721779,0.26243033050628228,0.40092542197276576,0.024936207302569954,0.00022889231305553881,0.053572278405639252,0.17343972823618178,0.024658032229487446,0.0033047710724732294
251,0.0047692033548219171,0.00062361556611664109,0.024839916144292526,0.038650434513190585,0.0027129303484856098,3.4206347662436692e-05,0.005101690389800447,0.017442046778589848,0.0021540396812190585,0.00027364532819855816,0.049369751775953173,0.0064555321742930183,0.25713738814247011,0.4001008587775356,0.028083662600540529,0.0003540966420626688,0.052811584963673393,0.1805562597897859,0.022298148446494404,0.0028327166871911494
252,0.0055617772069620529,0.00075321527448914734,0.024589122987826725,0.038916145437547581,0.0026288755894564764,2.2721527066951876e-05,0.0048475794760893722,0.017091364677354105,0.0023492405804551764,0.00025049974393112699,0.05733167822347221,0.0077642620592498542,0.25346856489878877,0.40115377601434127,0.027098864944751076,0.00023421709106178642,0.04996961516868615,0.17618048757068272,0.024216343088965121,0.0025821909400010139
253,0.0045448647692512018,0.00058965007533463723,0.026078120738363481,0.040750790006098443,0.0026014979053453368,1.9939115070451272e-05,0.0051826669937913225,0.017334168468676928,0.0026426159737963258,0.00033664430194373161,0.045411882982402785,0.0058917309053561238,0.26057025401146278,0.40717825527343593,0.025993934793349771,0.00019922985750380864,0.05178474586331621,0.1732014636436599,0.026404782862051796,0.0033637198074608849
254,0.0045346093842536725,0.00059513286521452465,0.025380395559339398,0.039667052496963506,0.0025631008695879446,1.0898370292334501e-05,0.0047523844613707438,0.017450529045142826,0.0024587078199556616,0.00025239847008447398,0.046430140423546755,0.0060936014904679437,0.25987140897236066,0.40615335557184712,0.026243745207233434,0.00011158907420295544,0.048659952642082199,0.17867702493728999,0.025174858442587236,0.0025843232383816988
255,0.0046936101071487759,0.00051453501439628006,0.025770019648969442,0.038070508548444598,0.0026738876884181925,9.2184371364075437e-06,0.0041931006532430846,0.017467440404038491,0.0023647061852978238,0.00027813156118395297,0.048873872785365917,0.0053577775450326945,0.26833943025685369,0.39642261483051827,0.027842799836966633,9.5990232166592301e-05,0.043662141342057016,0.18188589181974793,0.024623338248523675,0.0028961431027677087
256,0.004372574145971306,0.00050093633652023789,0.025411633866736078,0.038486329779348655,0.0026672446378247948,1.6693046163430267e-05,0.0048997214469054268,0.017013924368113793,0.0023355824151220792,0.00030778682354110927,0.045541752132384448,0.0052174114629774211,0.26467025880031703,0.40084738023509425,0.027780202260072884,0.00017386339152415171,0.051032159136349467,0.17720544020635545,0.024325834596137588,0.0032056977787873362
257,0.0046701811993097612,0.00058759739996016626,0.025141144708345105,0.03964977468167754,0.0028706096092922704,9.9262112123934201e-06,0.004791015346986195,0.016479958986632664,0.0023215891712962643,0.00014838416355597616,0.048310462728981513,0.0060783727823274999,0.26007135110216884,0.41015516962271242,0.029694881765972372,0.0001026812100753618,0.049560425704416676,0.17047613581171764,0.024015566494184792,0.0015349527774428896
258,0.0051525483372405418,0.00053990729720795709,0.025723215562442212,0.038649615207336806,0.0024485809648646232,2.0529257065589521e-05,0.0047633030350111112,0.016280000134116464,0.0022878826231978364,0.00035388935992121802,0.053549954515516147,0.0056112062062799103,0.26733898125821526,0.4016818476861706,0.025447873695500653,0.00021335865481436931,0.049504564377375791,0.16919652366840757,0.023777750811882263,0.0036779391258375785
259,0.0050446085573339515,0.00066046723954717255,0.024915975827385438,0.03877431356858127,0.0024973643358900924,3.1700837570547611e-05,0.0053879885648752531,0.016874161622719781,0.0025654029218340566,0.00033901925379262171,0.051957528663978209,0.0068025586406503524,0.25662497169582998,0.39936052238121622,0.025721892509927905,0.00032650643910700711,0.055494210723981925,0.17379737718567725,0.026422663786680515,0.0034917679729504856
260,0.0050613494417092401,0.00063259251910803083,0.0245614727426944,0.038207274828682782,0.0024301785847355992,1.671449488727981e-05,0.0048278156856371383,0.017097506388061845,0.0022893536088443851,0.00027057431400243017,0.053056851228915715,0.0066313080259294086,0.25747173165584164,0.40051723750635532,0.025474949934788702,0.00017521383947388441,0.050608775691838581,0.17922885255488075,0.023998717186738697,0.0028363623752373913
261,0.0046347645794852649,0.00055182325542481672,0.025389602923677975,0.039854529012418809,0.0024943282876825567,2.6302322178275432e-05,0.0054709803095283919,0.016602435414579897,0.0024230832031043631,0.0005060461308091154,0.047315776046668381,0.0056334998516632036,0.25919952248879985,0.4068702815120086,0.025464309270259645,0.00026851736789462011,0.055852605810266888,0.16949234474230448,0.024736976434143482,0.0051661664759909695
262,0.0050987567160760148,0.000573903910521583,0.025433663816726501,0.040056993687227857,0.0027505941920695481,1.6950614147819895e-05,0.0050939064534292963,0.01679964967925509,0.0026448441860286022,0.00040565709580364401,0.0515677453692098,0.0058043425823515096,0.25723068829147949,0.40512794897747673,0.027818927006941187,0.00017143492088385218,0.051518690840220184,0.16990809822722244,0.026749393846608578,0.0041027299376061449
263,0.0050671548626004268,0.00051042262853366702,0.025181925878616018,0.039630747575276404,0.0029651308454542186,2.4472908030477529e-05,0.0049876537622228862,0.017255355745000183,0.0025769914896353464,0.00033437154942352363,0.051425327059315733,0.0051801555947214202,0.25556526480951025,0.40220285563127117,0.030092394575620983,0.00024836961444553018,0.050618489652654676,0.17512042492738999,0.026153262289592093,0.0033934558454782305
264,0.0046707891688874082,0.00057273881765925426,0.025489077785859838,0.040378497100850536,0.0028051056981558934,1.635200893989836e-05,0.0043592914155567934,0.016616716065144026,0.0023756293893946183,0.00025849502454022491,0.047884562650196208,0.0058716732450881824,0.26131201773413881,0.41395717173999719,0.028757722664618547,0.00016763950763499049,0.044691112219140211,0.17035326423252894,0.024354765376235314,0.0026500706304217222
265,0.0046533258957282874,0.00061058744728480175,0.025456457585304914,0.039641995548168794,0.0024476229404064359,1.4800790246211932e-05,0.0047060453672998414,0.016916895925666312,0.0025826905246266445,0.00034479361746425104,0.04778757987891756,0.0062704605402713002,0.26142645659285846,0.40710559957918457,0.025135995070862623,0.00015199750931075906,0.04832898531996193,0.17372897008851973,0.026523078871698681,0.0035408765484144251
266,0.0051072285189263083,0.00059123309864813906,0.025081417882926588,0.039900153273056772,0.0026259246358127735,9.4021713714642359e-06,0.0048301301441093115,0.017263418758820783,0.0021936459713171987,0.00035171141447393358,0.052138908638571707,0.0060358075618272061,0.25605232870971456,0.40733451390701947,0.02680765980434336,9.5985318127888829e-05,0.049310054046508643,0.1762395808450703,0.022394593556961731,0.0035905676118550517
267,0.0049165384400120448,0.00060428111161668434,0.025809199991103041,0.03906901385371403,0.0028674245240062428,2.1796408868589575e-05,0.0053830606268343373,0.017426056782335962,0.0026028494081511994,0.00029541349782315711,0.049664194362401846,0.0061041187703570017,0.26071048570772515,0.39465390563964964,0.02896516128518559,0.0002201754546740328,0.054376747481514304,0.17602853746955832,0.026292567520771196,0.0029841063081630878
268,0.0049019087065995427,0.00073320452471052112,0.024746132191574073,0.038493202458358571,0.0024721020802855862,1.6171164612056291e-05,0.0049837982238487132,0.017004434693904044,0.0025993764606424721,0.00041867059878752163,0.050866032131472512,0.0076083026317187588,0.25678518930628152,0.3994355240549568,0.025652461393006393,0.00016780463039892048,0.051715781701475547,0.17645129138230406,0.026973159738944701,0.0043444530294408602
269,0.0044730449605069429,0.00054340816322388883,0.026269242447796996,0.038913864888209526,0.00257719915204977,2.433175266530635e-05,0.0049635294343370294,0.01673298403427189,0.0022418030726699643,0.00018316737257866524,0.046150702740437317,0.0056066211784355727,0.27103326931177518,0.40149433479733326,0.026590287604816808,0.00025104319190279997,0.051211283027554913,0.17264279231359339,0.023129833954914018,0.0018898318792366605
270,0.0048080382867171879,0.00073115675075534413,0.025369238612698884,0.039337162189748427,0.0027505163586623825,2.3212295973476953e-05,0.0045729544992186124,0.017219229933897916,0.0024735439996366095,0.00041189055164679415,0.049213804603343209,0.0074839265663704064,0.25967279742138027,0.40264475825921647,0.028153555891488623,0.00023759490468068723,0.04680754930888547,0.17625147031961155,0.025318540289537533,0.0042160024354857863
271,0.0049066830021534018,0.00077544705256362312,0.025588459795233318,0.038491439826805127,0.0026655450536661827,2.8317655028252979e-05,0.0049872067945831051,0.01677792902212023,0.002257339107767297,0.00036865693610987286,0.050664261915662499,0.0080069269923428461,0.264215240421103,0.39744576693468014,0.027523251998890802,0.00029239571632386696,0.051495715365642958,0.17324155442812095,0.023308295999190921,0.0038065902280418639
272,0.005158044841463658,0.00079445754144359204,0.02572465653763779,0.040253329077057108,0.0025088195104022788,2.6594715236911594e-05,0.0046476353756158559,0.016449051974690685,0.0025196614823897396,0.0003598184185057217,0.052396753430734647,0.0080703051620612462,0.26131771380848706,0.40890372674974407,0.025485237396940301,0.00027015599508313748,0.047211882078753264,0.1670937238774835,0.025595372952250579,0.0036551285484620428
273,0.0047039983616133435,0.00047325583837488775,0.025451545763666306,0.03817205932028838,0.0023265292170160361,1.911068225068774e-05,0.0049919509761124177,0.016601975564095411,0.0022495250086236604,0.00031301635289567096,0.049358362131800185,0.0049658038238527061,0.267059321888511,0.40053379750777668,0.024411928486366696,0.0002005255747563005,0.052379806513929886,0.17420208490779981,0.023603934666785537,0.0032844344984212467
274,0.0049924565544219581,0.00053345645282773513,0.025038491592973399,0.039139277906253149,0.0025651701074332423,2.2102534784356392e-05,0.0050012166906505343,0.017016502587880494,0.0023043464836481824,0.00034860874504202117,0.051488991801587336,0.0055017273814476578,0.25823092786112167,0.40365738535073692,0.026455517677829749,0.00022795135418815689,0.051579338222740349,0.17549728328893052,0.023765550267931243,0.0035953267934864435
275,0.004257991181375027,0.00062808039125981214,0.02490848021468212,0.03812576624488806,0.0025939379764079716,2.6953501597224843e-05,0.0048170870264550147,0.016492735812964517,0.002463695776675373,0.00023545329349162369,0.045034193667697148,0.0066428258711760209,0.26344190820840485,0.40323313686318696,0.027434510832835456,0.00028507086070573488,0.050947411777746428,0.17443367707289556,0.026057017973733138,0.0024902468716186399
276,0.0043084818592732856,0.00049930200421532305,0.025405120343357134,0.039824579603567382,0.0026075811519566611,1.9251822862071476e-05,0.0045154713433239683,0.017730483641572641,0.0023589855784148677,0.0004121678873884583,0.04410748357599132,0.0051115347980370835,0.26008138478728854,0.40769859271993958,0.026694749238747501,0.00019708785795838037,0.046226509619589039,0.18151335935924223,0.024149786642825546,0.0042195114003807932
277,0.005013993718513199,0.00055670518345101664,0.024929980826359908,0.038676210257147257,0.0024131552742728169,1.671640554607682e-05,0.0047676326347130442,0.015619822989786352,0.002275766654493271,0.00023253048889864609,0.053056722866970538,0.0058909033986036148,0.26380230172591607,0.40926117669063117,0.025535355209824057,0.00017688847377596737,0.05044979663566538,0.16528473431075122,0.024081546064071781,0.002460574623790119
278,0.0049375804593628364,0.00058387256709751135,0.025458370457681463,0.038458807248205377,0.0027621710204131429,2.0912636299926884e-05,0.0047256804805135728,0.016217375752630762,0.0024030351735006747,0.00024944905019228252,0.051531224384417242,0.0060936056667095194,0.26569713877345003,0.40137663419869946,0.028827490673319019,0.00021825543148319771,0.049319723134563433,0.16925318700387623,0.025079357338774373,0.0026033833947076684
279,0.0048902159674333876,0.00064803458953941969,0.0249450085506186,0.039679518196998338,0.0022331981578383574,9.5530476068953036e-06,0.005078396365559029,0.016776065484263834,0.0024684823864383806,0.00031094251081648615,0.050394120311591101,0.0066780553842210062,0.25706058187309822,0.40890104388886389,0.023013310126831891,9.8445024442736338e-05,0.052333336429361846,0.17287888060551967,0.025437935501754248,0.0032042908543154572
280,0.0050539216083929257,0.00074468195572665328,0.025084401616120217,0.03859746264935035,0.0027418002244136348,1.3949035973763456e-05,0.0050157408162979922,0.016875070798451974,0.0022672595246560137,0.00031077046376366525,0.052261191675912408,0.0077005480973812131,0.25939079046231706,0.39912558009838089,0.028352190272833439,0.00014424308471829638,0.051866374769631587,0.17450039353161356,0.023445097446765505,0.0032135905604459072
281,0.0043500351232038685,0.0005742055027515452,0.025590587464823834,0.038278689502384985,0.0024779956216403193,1.5588672638449094e-05,0.0048722305215304742,0.017509377421269127,0.00226921285080426,0.00020641608725002303,0.045244838946651239,0.0059723277533308772,0.26616842751912717,0.39813773741410552,0.025773702886575225,0.00016213822715050369,0.050676208125704732,0.18211553218402038,0.023602147353396975,0.0021469395899375381
282,0.0044053724947873121,0.00059869781798160262,0.025001215456121752,0.039053767086267413,0.002588737797144248,1.3276736148759593e-05,0.0049281800956266697,0.016789575075725417,0.0024814534263900624,0.00016481548635598249,0.045877305891936372,0.0062348060158084083,0.26036127716961216,0.4067037738509392,0.026958972466944148,0.00013826319709942713,0.051321795377154027,0.17484570770260674,0.025841718954253093,0.0017163793736462978
283,0.0050159736359274183,0.00060017791663173831,0.025094356030723419,0.039317398643664472,0.0025474037697617393,3.1152126383799662e-05,0.0054581222820182466,0.016724495559035508,0.0026324741125067345,0.00034998726146646681,0.051303002563709926,0.0061385747674383715,0.25666319347406596,0.40213540776343731,0.026054654911822971,0.00031862161481189567,0.0558252657912248,0.17105688761924934,0.026924748004155431,0.0035796434900838819
284,0.0052967046105364167,0.00082629553832787327,0.025343751655673794,0.038793752541637992,0.0022217559005309681,1.7709885038108104e-05,0.0050810503797557314,0.016558673362251187,0.0021383762909996376,0.00032143910247850785,0.054831589215259463,0.0085538274945272455,0.26235901039169401,0.40159368133351514,0.022999660323167522,0.000183333074592708,0.052599132421052512,0.17141570891880756,0.022136512982525537,0.0033275438448583379
285,0.0048855096144095889,0.00060090430419113721,0.025104976045189051,0.039579755869654974,0.0024010974126110638,2.8461996556652206e-05,0.0050930674632741913,0.017023256111016911,0.0024898105941014289,0.00020787927572418058,0.050151657575695931,0.0061685165475204367,0.25771234966989753,0.40630159798477078,0.024648199419767619,0.00029217347173358504,0.052282319673402917,0.17475034923378568,0.025558874753909406,0.0021339616695161697
286,0.0046362374517166828,0.00065943045262055835,0.025332778642062844,0.039019537426771923,0.0027618409085815292,1.3284585264560201e-05,0.0050688623893140232,0.016933346829383834,0.0022850930476183413,0.0004026087288805818,0.047740636936738759,0.006790340260059485,0.26085872441707669,0.4017951170816873,0.028439450193562015,0.00013679509916725348,0.052195497217453306,0.17436742003068814,0.023530243799876806,0.0041457749636901716
287,0.0052823140653562202,0.00055377910780726204,0.026054981073034496,0.039483226516655853,0.0028442411318176809,3.0298667937842704e-05,0.0052023566434974879,0.01732861249433611,0.0027846576124980343,0.00026606204782106228,0.052912812334864869,0.0055471919397126071,0.26099211573724551,0.39550252582527684,0.028490694680575308,0.00030350102450474894,0.052111880772438841,0.17358029257477867,0.027893848007506723,0.0026651371030958068
288,0.0045755518135345927,0.00053702207910770537,0.025485929689894406,0.038931635833028701,0.0025222510631016438,1.5436113519920073e-05,0.0051285526255564753,0.017044760807979179,0.0027160945960695839,0.00030524736653974162,0.047043337986002631,0.0055213692693152645,0.26203248332642609,0.40027392923922217,0.025932415167075673,0.00015870573323197593,0.052728991906372695,0.17524497071773212,0.027925409063645108,0.0031383875909763489
289,0.0048516524405630901,0.00057181688166442414,0.025272931143037396,0.039249384742148209,0.0026179639216755094,2.6937322122330138e-06,0.0053428007572103925,0.017666020191186793,0.0025295802949853847,0.00023200552908772968,0.049337074134790264,0.0058148789979951621,0.2570036688907521,0.39913201295670814,0.026622409924920352,2.7392907361432532e-05,0.054331624178608533,0.17964801859098681,0.025723625521929149,0.0023592938959481739
290,0.0045517296563181344,0.00040464912232138656,0.02561636772162016,0.03852914235997109,0.0026613267528555556,1.3624765637168918e-05,0.0050319854643842117,0.017367039854364896,0.0025511808325631678,0.0003427818158655437,0.046891291906877332,0.0041686395166935768,0.26389629154733935,0.39692191710358521,0.027416621603286555,0.00014036045874747042,0.051838821085096548,0.17891285222508793,0.026281913505319277,0.0035312910479666812
291,0.0051653549088946519,0.00069660982198631316,0.026079183968479653,0.038857125543030759,0.0026643241113628981,2.4650067671881109e-05,0.0047331831968561765,0.017332978582317631,0.0024537156788675446,0.00028791180058000969,0.052549498233145753,0.0070869276662143751,0.26531536671635414,0.39531116178531361,0.027105377588188442,0.00025077631845584738,0.048152819395245475,0.1763362524844525,0.024962762483030351,0.0029290573295995765
292,0.0053296364442251588,0.00058498440590183589,0.026196019020323459,0.03964451313638899,0.0026045710576350798,2.1703670679759232e-05,0.0053684918995315278,0.016937902248802993,0.0024927506079311162,0.00028731213852964854,0.053581479731402835,0.005881138500915685,0.26336157763664647,0.39856596210805623,0.026185045226656493,0.00021819777067244781,0.053972112903616393,0.1702851358688996,0.025060858760643175,0.0028884914924906272
293,0.0043790169131726689,0.00050623234651625982,0.025108344482481323,0.039391918224815234,0.0024339750746332563,1.4685860735293853e-05,0.0046648825575340593,0.017354800394716794,0.0025100327309059861,0.00031873109115829765,0.045292700257990474,0.0052360222365635855,0.25969863628488654,0.40743536280410736,0.025174897854165275,0.00015189762942302389,0.048249443107091963,0.17950279432596655,0.025961571369292249,0.0032966741305129506
294,0.0051546025592440585,0.00066689613078323618,0.025564934098209167,0.039716074105408658,0.0028050185353122857,1.4321933145026211e-05,0.0045330788379636814,0.017661140945313999,0.0025439638936658993,0.00032318652851199225,0.052075520334807682,0.006737466685481976,0.25827544028623439,0.40124048380526384,0.028338324457858784,0.00014469051923121423,0.045796438521204526,0.17842560970762467,0.025700961801222454,0.0032650638810706582
295,0.0049048691880469765,0.00075475716309032065,0.024774483619703597,0.040406279224756612,0.0024544904737392246,2.1938202935232928e-05,0.0046703737824679639,0.016687658898620405,0.0021824076592990532,0.00023908467623837379,0.050515488453147614,0.0077732810591429752,0.25515362250102186,0.41614625250089382,0.025278917832649669,0.00022594262855332934,0.048100408764231488,0.17186701787229222,0.022476723575431339,0.0024623448126356914
296,0.0046367460632596716,0.00055563051463676635,0.025600175090705207,0.039228656656978188,0.0026596912621911803,2.0488353635986872e-05,0.0048962647103857832,0.016863796099147808,0.0025603027318582593,0.00031227916061108167,0.047637460738132971,0.0057084917881635652,0.26301361323968231,0.40303125636186932,0.027325399396385282,0.00021049527591277299,0.050303729107074521,0.17325693786307395,0.026304291674081687,0.0032083245556236992
297,0.0046837382381746768,0.000569118437779505,0.024948236771024063,0.03865808073285977,0.0025319714472924917,2.7093880149151271e-05,0.0046890963088906945,0.01668274722407026,0.0023145456280355592,0.00034623245858377851,0.049069627899424671,0.0059624232936265733,0.26137256884321192,0.40500504947232324,0.02652643902214092,0.00028385160520596949,0.049125762235487876,0.17477838363236853,0.024248556804106654,0.0036273371921036386
298,0.0050086459858630214,0.00063385605844384159,0.025214693444292814,0.039864331770787027,0.0026773974073777827,1.9180021677332658e-05,0.0050621360187539733,0.017094232288039392,0.0025485348298613388,0.00032931053419826535,0.050873824703490694,0.0064382034776533006,0.25611071292677506,0.40491003599635877,0.027194863990980995,0.00019481533799271767,0.051417133726400076,0.17362955563580734,0.025885980872087145,0.0033448733324538868
299,0.0050648603797436255,0.0005347420351437958,0.025151455794179062,0.038650780400680332,0.0025659180886502576,2.3919884299021334e-05,0.0053469450125365548,0.016728951946956738,0.0023981978060853399,0.00031747341674885518,0.052331996018943255,0.0055251509333260722,0.2598740707158903,0.39935404619383358,0.026512007268199717,0.00024714902209670202,0.055246597957303474,0.17284967028716935,0.024779059762956225,0.0032802518402812075
300,0.0044951357738682819,0.00070656848800430274,0.025205599942158666,0.038859748629416949,0.002398651608252199,4.6652640205340513e-06,0.0049723638006121439,0.015970366231668875,0.0025818766934882576,0.00032458423231602676,0.047059845571207223,0.0073971078080139448,0.2638789350264405,0.40682503520078978,0.025111627310500009,4.8840928372295041e-05,0.052055974358100721,0.16719472033459928,0.027029821698777646,0.003398091763198577
301,0.0048399269363196126,0.00054433059090201047,0.02580184540029639,0.038868622711656961,0.0024011679564753122,7.7691715020784414e-06,0.004656504476259404,0.016769970977479197,0.0023925107608556203,0.00031233935592543162,0.050105362810339955,0.0056351846019088107,0.26711370687368963,0.40238757083112781,0.024858100795886299,8.0430378798943005e-05,0.048206481064850121,0.17361119107810807,0.024768477143886584,0.0032334944214038419
302,0.0043943797583739517,0.00049968079522616786,0.025280283119885134,0.03821639884421707,0.002524042087040732,2.5396769305623659e-05,0.0049455476975797394,0.017806486261004107,0.0022816487466276233,0.00036315597404991455,0.045614653182569194,0.0051867993731761616,0.26241504154784706,0.39669484091441948,0.026200126240608253,0.00026362419443293802,0.05133590072479946,0.1848353442025768,0.023684028687674028,0.0037696409318967393
303,0.0049943870209767762,0.00059283422966092719,0.025489605679118121,0.04009767582398157,0.0027887591564554996,2.628904628300221e-05,0.0051017336117685878,0.016763701360406093,0.0024367356566076517,0.00033161348596231084,0.050641027474583926,0.0060110949323789725,0.25845410379511985,0.40657391878935295,0.028276869307264915,0.000266560102272121,0.051729477694953084,0.16997702773182671,0.024707495998264207,0.0033624241739831362
304,0.0047034708096089818,0.0006375831892594608,0.025621476637945981,0.039229371644669254,0.0026425632517254492,1.9217471837493683e-05,0.0047642997759863,0.017162166901530971,0.0025409415298225661,0.0002260691176883687,0.048217403701897935,0.0065361532524580018,0.26265732955474469,0.40215800759270709,0.027090109468934673,0.00019700698382676271,0.048840988911057162,0.17593712460166502,0.026048339297880786,0.0023175366348277917
305,0.0051278748017094923,0.00051952457933813275,0.025081618499862925,0.039203112588369705,0.0025176162265473701,2.0527685238888261e-05,0.0052049133177875526,0.016562419249858896,0.0023525762819363925,0.00034065068886017231,0.052902410867192509,0.0053597452774371184,0.25875789452807629,0.4044441897706525,0.025973326801644724,0.0002117766288478882,0.053697189091653386,0.17086842834357721,0.024270669990211272,0.0035143687007072027
306,0.0046475031287212948,0.00061106507810919906,0.025627726642488108,0.038379215101643584,0.0027160747235747554,1.8455682380136082e-05,0.0052550086895020364,0.01752266506824663,0.0023607786591466574,0.00039070380637392591,0.047652429135927737,0.0062654579298907177,0.26276979141746093,0.39351513646571518,0.027848837259124341,0.00018923238401704902,0.053881390124868769,0.17966584041159292,0.024205865955285275,0.0040060189161170625
307,0.0046865006615444274,0.0004936369257838402,0.025037606925731395,0.037956670330286255,0.0027401213378984617,2.5086133181982424e-05,0.0056141860110707955,0.016445156810569902,0.0028921154035725259,0.00029197753673313088,0.048724804089959189,0.0051322648255982383,0.2603120281936831,0.39462948142226179,0.028488606961557715,0.00026081654798356643,0.058369801536284439,0.17097768712564609,0.030068865155816579,0.0030356441412092605
308,0.0049740244549107459,0.00048975301468630946,0.025480747256649231,0.038889494379205025,0.0027111483245303779,2.5394715318203567e-05,0.0053987013259472107,0.017984561936380775,0.0025882022801136692,0.00039620811190617492,0.050274036268276132,0.0049500884135236746,0.25754196090830189,0.39306840338205723,0.027402432463224002,0.00025667240893226023,0.054566379542886831,0.18177564812050964,0.026159777958390529,0.0040046005338977919
309,0.0048025673582647241,0.00067691180398760857,0.024745586057007302,0.038501060120914976,0.0026193888807205913,2.1944181054353542e-05,0.0051143371323060967,0.016997740875815726,0.0023002598100509601,0.00021967318712552364,0.050027019814988007,0.0070512035969284475,0.25776794611261711,0.40105492622658373,0.027285451647744523,0.00022858648271546363,0.053274639577538849,0.17706077940606216,0.023961172121616879,0.0022882750132047973
310,0.0045206830535353777,0.00064585829252881239,0.025700121307921372,0.039180521702679709,0.0026532597793322166,1.7476666194109376e-05,0.0047692818151513459,0.017114690165548532,0.0023754899354522319,0.00046045515429709232,0.046395560002514415,0.0066284136289333712,0.26375915013132301,0.40210787265099057,0.027230281759743517,0.00017936221262373253,0.048946917535107735,0.17564726947162793,0.02437954276609864,0.0047256298410371629
311,0.0047615270708630071,0.00066549189200676721,0.02539398796803588,0.041001773783847166,0.0024809410915515675,1.2406975550696534e-05,0.0046093520262648364,0.016840775098652842,0.0024034754343822298,0.00031232120712309359,0.048349185944604481,0.0067574941300144846,0.25785396740778921,0.41633752265416263,0.025191809343487789,0.00012598209754629514,0.046803980085663117,0.17100349416861635,0.024405212647289138,0.0031713515208264651
312,0.0046032211996010703,0.00048606901053126981,0.025967195106646575,0.038358207031142899,0.0025129933146341831,1.9494186151411939e-05,0.0049706009929623464,0.017118944564844699,0.0022330835784148181,0.00023027104226712631,0.047701734530207179,0.0050369803879362811,0.26908988157655728,0.39749404373895336,0.026041359902768499,0.00020201212419635237,0.051508775863828238,0.17739824215710606,0.023140743280062291,0.0023862264383846064
313,0.0048012294250725871,0.00046706836076920223,0.024882665524276901,0.038604863934437614,0.0023854950540799264,2.4665916030145629e-05,0.0049367167600284914,0.016805779641815902,0.0024146148892391175,0.00036363638006903465,0.050176540986848983,0.004881223676879788,0.26004299649189505,0.40345052610535309,0.024930258431288637,0.0002577777975369436,0.051592487864978248,0.17563332562487977,0.025234583110039715,0.0038002799102997377
314,0.0048481193997114416,0.00085761784427469429,0.024911937452369262,0.039507096971957804,0.002309225930978499,2.2457998413081907e-05,0.0046561761359915493,0.017321931283539153,0.0024049190226169363,0.00027734735172480726,0.049920486800116952,0.0088307850415581396,0.25651514375457801,0.40679969907856339,0.023777814261909724,0.0002312472364859725,0.047944070715259267,0.17836178746833606,0.024763154210072576,0.0028558114331197581
315,0.004689184125162422,0.00053643004901203983,0.025840206503173754,0.040491333623319303,0.0024054130132600982,2.4613009933059149e-05,0.0052924468214687308,0.017153689041964414,0.0025265000625526875,0.00038376067932864311,0.047201683995186469,0.0053997456664407811,0.26010948369209586,0.40758884343561258,0.024213070312285871,0.00024775642969455854,0.053274172171612733,0.17267033835709145,0.025431941758588993,0.0038629641813907808
316,0.004752119452376859,0.00059388124202866088,0.025775639543277273,0.039586396030706787,0.0027010433153014778,1.8591348932568293e-05,0.0049986520609019616,0.016567669562415517,0.0025926143443905426,0.00039741235635563915,0.048498923481877204,0.0060610010339837046,0.26305962685357098,0.40400869785717702,0.027566161663828002,0.00018973858261381185,0.051014972633517577,0.16908542523667494,0.026459563141604848,0.0040558895151518934
317,0.0053832783068994902,0.00064903863294947907,0.024462197188670095,0.038904316892777659,0.0028541759899255105,2.277267087493999e-05,0.0042260517191451312,0.017282448611263053,0.0019904884370085846,0.00036938025393450037,0.055991741353953101,0.006750682612536355,0.25443251116739773,0.40464570561413959,0.029686424274544945,0.00023685966522186486,0.0439553709314143,0.17975559453513759,0.020703167731487657,0.0038419421141668675
318,0.0047021613784206644,0.00041855807065948523,0.025158227977875525,0.039081272174992132,0.0022410157363637415,8.7751949628316538e-06,0.0048075184682244854,0.01658468888420022,0.0023742592900474462,0.00034271526217529824,0.049124540843470101,0.0043727706011617148,0.26283368399907636,0.40829086810712584,0.023412397025989753,9.1676441676237082e-05,0.050225230131798033,0.17326398668643317,0.024804422494342081,0.0035804236689268394
319,0.0047164971247326869,0.00065326491296708526,0.024853280946920235,0.040432630988680843,0.0026602203199763202,2.4440511673371478e-05,0.004671372486215776,0.016695674906057292,0.0024453408340518452,0.00037882425516960386,0.048358682456667905,0.0066979857404341221,0.25482299459402041,0.41455951549637904,0.027275485665816335,0.00025059083294957858,0.047896015352819114,0.17118230327078651,0.025072306367395228,0.0038841202227317979
320,0.0051693963449388775,0.0006545922021452148,0.024749413525168334,0.039787299096825622,0.0024817517272854917,2.784406733956036e-05,0.0050297148163263271,0.016404977773328021,0.0023060761289369707,0.00024198702007750038,0.053373602593863104,0.0067586119784656404,0.25553570935159819,0.41080067160186923,0.025623887508346075,0.00028748776174484446,0.051931402015614012,0.16938007957002954,0.023810051047368743,0.0024984965711005837
321,0.0048551035570746108,0.00044324204813809984,0.024908611740057103,0.038743641017482837,0.0026844969741617423,3.1288820655038157e-05,0.0049895798694960473,0.016020850100045229,0.0023361862290035879,0.00038609773016221797,0.050892551968193436,0.0046461869873994305,0.26109902755611369,0.40612166985524406,0.028139647313373463,0.00032797815998995443,0.052302170246762696,0.16793502686531039,0.024488556766970697,0.0040471842806421611
322,0.0045029712516167358,0.00048660723809803696,0.025838291677430864,0.040516528726731324,0.0025810392066155556,4.1028521089022579e-05,0.0042488715112718647,0.016942885495281525,0.0024085571237282407,0.0003625375626479371,0.045981850268322431,0.0049689638044374271,0.26384633450064732,0.41373236763078342,0.026356143911124303,0.00041896055027417661,0.04338712435050484,0.17301136969898562,0.024594852340265316,0.0037020329446551094
323,0.0049524660808260134,0.00053395020717038246,0.02445718228766014,0.040539319249170827,0.0026774065908641009,1.6278337572326164e-05,0.0049593400949482537,0.016779436891541249,0.0020581837896559204,0.00020815242741283667,0.050960883249132997,0.0054943484163998213,0.25166444167878754,0.41714965464473275,0.027550517754324034,0.00016750411753954468,0.051031616864551918,0.17266043027061154,0.021178714219970904,0.0021418887839490205
324,0.004529857941647418,0.00045535169655038822,0.024091877742395837,0.040082534449171578,0.0025344373096869393,1.5692769414799283e-05,0.004737642372978937,0.017331154478996798,0.002368821864744981,0.00023964474402882977,0.046996557827594466,0.0047242016448402861,0.24994941123563597,0.41584993886849364,0.026294385192529312,0.00016280999421573562,0.049152288353482475,0.17980797945176333,0.024576151213534625,0.0024862762179102761
325,0.0048027918746058676,0.00045838243471568274,0.025992367322231674,0.03999858262499871,0.0027618999108920432,2.003904170875646e-05,0.0046574436028226284,0.017591761555205962,0.0025252496317736736,0.00032250455006775446,0.048448929014434088,0.0046240059158978337,0.26220215078864745,0.40349208145430376,0.027861105836230179,0.00020214702918903776,0.046982705141767375,0.17745970033252104,0.025473858403154019,0.003253316083855263
326,0.004682030633282804,0.00039953168451664655,0.024861281119666699,0.039488694091804812,0.0031947618601905706,8.5214047627908827e-06,0.0050237544360450474,0.016844722042954504,0.0026209418127025844,0.0002863098349848715,0.048064924026700588,0.0041015237973972473,0.2552216509923565,0.40538416556779805,0.03279687770555971,8.7479280808791076e-05,0.051573002017716654,0.17292502947120147,0.026906139445231493,0.0029392076952294921
327,0.0054174477067614329,0.00056107310052187786,0.025258027984025645,0.038447864100191069,0.0023339185282998053,1.4552414927928954e-05,0.0050845959534107765,0.01723587258403822,0.002283106083660016,0.00043524551436681337,0.05580872164791021,0.005779986108970547,0.26019969724420067,0.39607694650124547,0.024043242601533066,0.00014991407725155266,0.052379794991252095,0.17755815422101598,0.023519789910773806,0.0044837526958464956
328,0.004948303090644526,0.00055670783602696709,0.025797114686289462,0.039315188169240942,0.0021437470028917182,3.1554886641714851e-05,0.0042949631836565845,0.016087009079503257,0.0025120453740341345,0.0003307279639054418,0.051535503840642413,0.0057979914116268357,0.26867135634967698,0.4094591608024537,0.022326660246371789,0.00032863730291495067,0.044731110360889656,0.16754271171639243,0.026162407930542062,0.0034444600384890118
329,0.0050375827769716811,0.00056301787413910232,0.026036891846704376,0.039180011687006688,0.0026415620907668134,1.9168831751118429e-05,0.0054972039173346596,0.017372627202558662,0.0024716202440625435,0.00024814711419603988,0.050849832833221725,0.0056831552055010854,0.26281882730619671,0.39548671116539419,0.026664175395409731,0.00019349198480833309,0.055489291714356369,0.1753609276977553,0.024948766462422247,0.0025048202349342639
330,0.0048496553612905179,0.00051195380148003847,0.025813639556184039,0.039756840960822902,0.0024252315983451667,2.5870222529078282e-05,0.0047532697907959947,0.017270981646906033,0.0021997134713640778,0.00041660675247834919,0.049474282611105001,0.0052227519630411254,0.26334063010283731,0.40558370417833045,0.02474126191556458,0.00026391786740804688,0.048490994810421024,0.17619178339775018,0.022440614402084277,0.004250058751458112
331,0.0046919434505139999,0.00062065583595945369,0.024970773051100143,0.040902102507377934,0.0027998398546425062,2.7058192152525751e-05,0.0047467305369401462,0.015663885955185676,0.0025369255509833139,0.00031853493006646165,0.048232095156009236,0.0063801986649795212,0.25669378043928315,0.42046416821169874,0.028781707135858734,0.00027815196675212153,0.048795293752432412,0.16102113034218846,0.026079008809309873,0.0032744655214877435
332,0.0046617259372007114,0.00053957526515676605,0.024884848447465809,0.039909675484938664,0.0028132267295547559,2.709781505896251e-05,0.004527565826588067,0.016762327349773995,0.0023520778183976901,0.00027981208527356235,0.048179263490386974,0.0055765480903610604,0.25718664855462142,0.41246928646331321,0.029074894939621274,0.00028005781320630222,0.046792709367261619,0.17323982511546562,0.024308888701107229,0.0028918774646552454
333,0.004595121906874014,0.00057947776361578997,0.02525663712587559,0.04032880415319022,0.0028109342078701666,3.1197208923037195e-05,0.004909796832255074,0.016521108754813121,0.0024046718209010057,0.00032270044527342017,0.047003894689031822,0.0059275275667629969,0.25835229961752054,0.41252678422207417,0.028753286237493701,0.00031911891621776915,0.050222731393181924,0.16899583336311447,0.024597593561604767,0.0033009304329978443
334,0.0049721788033421036,0.00043052844268591593,0.024002696784159207,0.039761922826193105,0.0025292600249667194,2.0539060141001501e-05,0.0046824190601405481,0.017366258301874701,0.0023899332437623678,0.00021259599013672667,0.05159556746934793,0.0044675302700585744,0.24907245100296091,0.41260361966687276,0.026245758937305103,0.00021313080345174485,0.048588773270754795,0.18020710584708435,0.024799985439561158,0.0022060772926024643
335,0.0046505403253849394,0.00065065353007267733,0.025638156611191208,0.039825614671746876,0.0026810883178027844,3.4522473084958834e-05,0.0050678983965860257,0.017170656845497949,0.0023877233764610629,0.00028628369727199668,0.047264884608114573,0.0066127937544981884,0.2605685423644658,0.40476008166890642,0.027248732641539562,0.00035086260790831002,0.051506624211555559,0.17451071438259533,0.024267173697754885,0.002909590062661227
336,0.005117762496303583,0.00060298585651677894,0.025122144667261048,0.040745600922818259,0.0025688316423528065,2.669541968795108e-05,0.0044579879310318498,0.017494870238652697,0.0025090681067326016,0.0002001296146649758,0.051775069451537481,0.0061002507681824072,0.25415419059764355,0.41221262595660796,0.025988200270760296,0.00027007060397583942,0.045100302116403299,0.17699104292278359,0.025383588155672803,0.0020246591564326288
337,0.0049440529991512487,0.00060770645411835345,0.024956140885344362,0.039343043662554679,0.0025925356699838783,1.9781549220771366e-05,0.0046721047919969201,0.0167508285295856,0.0023590352266711061,0.0004389749295657421,0.051136098337722258,0.0062854781297044006,0.2581201444770313,0.40692317618340118,0.026814469623830304,0.00020459959599937783,0.048323351333149626,0.17325300013455794,0.02439938596004404,0.0045402962245595004
338,0.0051585707530265538,0.00060891051430678005,0.026387684780547007,0.040271639116217478,0.002606816496616348,1.1192776169671125e-05,0.0053107016256277772,0.01759026613007985,0.0025178914293140955,0.00034057242687547272,0.051174141519100547,0.0060405244637424986,0.26177156037432703,0.3995034008461239,0.02586018544650253,0.00011103476895462054,0.052683312794758963,0.17449925791387391,0.02497802947800077,0.0033785523946150381
339,0.0044543230440896387,0.00060102189956892031,0.024937875487202357,0.038691522789020355,0.0024962756282865175,2.1804278766715762e-05,0.005072502423568658,0.017142904561764198,0.0023984442126333194,0.00026609604233483085,0.046359227851829041,0.0062552515635401623,0.25954575822374748,0.40268950032496426,0.025980470991266862,0.00022693224480703649,0.052793049203110766,0.17841809198717665,0.024962271627538283,0.002769445982019377
340,0.0047704157492402385,0.00059527681691009789,0.024339228782844329,0.038753132243467617,0.0026474940921423704,2.0455593875960527e-05,0.0049231248903040875,0.016360959320750604,0.0021441532395275339,0.00034979592125674886,0.05026567802186499,0.0062724077702135689,0.25646147036425732,0.40834018879782935,0.027896538288431749,0.00021553976625178297,0.051874768071706767,0.17239476736941842,0.022592856059724973,0.0036857854903010697
341,0.0046020858878728079,0.0007435756855114266,0.025091087625438015,0.038300382904073622,0.0025343837221824045,1.8828895984097029e-05,0.0044214793473876393,0.016791278547425573,0.0024377639756935914,0.00012493128837665703,0.048409480491444133,0.0078216951005918422,0.26393390877678619,0.40288288488822654,0.026659258941716977,0.00019806172570996741,0.046509674835647205,0.17662796633370184,0.02564291290935285,0.0013141559968226108
342,0.004708269130629824,0.00067377898119767464,0.025218294718851668,0.03899497349056287,0.0024880632339072937,1.7069851536693245e-05,0.0052571280823956595,0.017228590411940813,0.0025968680788341254,0.00022331071780215168,0.048336369140749132,0.0069171979449042355,0.25889786008633675,0.40033298458056377,0.025543132642373255,0.00017524373016140983,0.053971104149027893,0.17687338655064164,0.026660152719766704,0.0022925684554753879
343,0.0046082112497960563,0.00046769109108762031,0.025894410856204697,0.040025026291951558,0.0024731712809774502,2.2172009296374275e-05,0.0050705578942501625,0.016858643648558061,0.0022844711549332665,0.00029152341637349468,0.04702454125451052,0.0047725587684788037,0.26423979404649317,0.40843581121895012,0.025237502932822745,0.00022625450729909269,0.051742562559844302,0.17203421040686787,0.023311910467353897,0.0029748538373795146
344,0.0049220344068143457,0.00056405075929425602,0.025240662319763626,0.039469070389337536,0.0027359064149426967,1.728816719830146e-05,0.0050595255663029148,0.017893305844830603,0.0021031362018699897,0.00026385602096867691,0.050087439747838407,0.0057398742239103545,0.25685317262033142,0.40164381668933419,0.027841038153745622,0.00017592726123503963,0.051486572626147822,0.18208525262476949,0.021401863352848799,0.0026850426998389493
345,0.0048491963973403837,0.00059656034900099997,0.02416991742658188,0.039720394321310172,0.0023418329045306746,1.4416226012631605e-05,0.0046291916742186162,0.016512137109223623,0.0024339520689730721,0.00036249451163270939,0.050707849859636292,0.0062382073503861732,0.25274384528107013,0.4153545508520195,0.024488451609101108,0.000150749890145106,0.048407269401689053,0.17266674739250973,0.025451737971827561,0.003790590391615222
346,0.0048223567181506456,0.0005161932989393536,0.024812254061559083,0.03893318992649189,0.0027392600596938977,2.7679969838392853e-05,0.0051626986896110274,0.016465483722257267,0.0023815617061749951,0.00026979961692117016,0.050164701456146932,0.0053697153173037741,0.25811017106372791,0.40500360374562416,0.028495229850600802,0.00028794166512647272,0.053705118391096117,0.17128265774060056,0.024774262662899178,0.0028065981068741228
347,0.0044966461662684183,0.00059719044763920483,0.026500497740445363,0.039405010676010224,0.0027275326678660237,2.7792231012380782e-05,0.0053636072597023181,0.017174075734189307,0.0026690408192712759,0.00033204920299437896,0.045286436172236551,0.0060143996413499099,0.26689071256213659,0.39685410745278416,0.027469413759435093,0.0002798999630586244,0.05401773874083253,0.17296283847900479,0.026880333082406779,0.0033441201467550243
348,0.0042291556319907844,0.0003638385724588806,0.025457864465810158,0.039587399906219414,0.0027936252157422857,2.5968671391091173e-05,0.0052631085860350511,0.016244122185819474,0.0026695613152977709,0.00014721146548605415,0.043697814921844984,0.003759367586397467,0.26304377198072582,0.40903741192535259,0.028865175051749355,0.00026832169230904898,0.054381149552983406,0.16784263966886384,0.027583282912548357,0.0015210647072250337
349,0.0050291538206501899,0.00058430227072790242,0.024546395967980986,0.039890793221013174,0.0026336152244954055,3.4824913314162014e-05,0.004581693772564825,0.015922406708645424,0.0024424945850734354,0.00032764996651901874,0.052390658778300681,0.0060869048712322259,0.25570938994053033,0.41555796672126039,0.027435397981531277,0.00036278471796479737,0.047729292764816605,0.16586992694013902,0.025444419665391294,0.0034132576188334379
350,0.0049206973757762009,0.00066225128764758618,0.024521676728193179,0.039563860102735444,0.0025505628375195517,9.1783520816537462e-06,0.0048778485808513624,0.016376168065263635,0.0027165386416585875,0.00033097605351083934,0.050975963023647757,0.0068605920204880041,0.25403230288614104,0.40986179715058774,0.026422554968517559,9.5083135702609263e-05,0.050532070945169372,0.1696489082774042,0.028141981262900694,0.0034287463294407554
351,0.0048417064724697069,0.00061295419396518753,0.0247426683026413,0.04006749737484161,0.0029340904298446029,3.041909156285399e-05,0.0048070101493948667,0.017092341319503792,0.0024891272257142392,0.00026038306323750105,0.049466649264527172,0.0062624180752185402,0.25279039564969186,0.40936080095282024,0.029976956064726997,0.00031078516259530452,0.049112164569085411,0.17462868886601421,0.025430864954187331,0.0026602764411330702
352,0.0049855746573405548,0.00071255112336719771,0.024925453406794848,0.039338932035307014,0.0021316177273023188,2.4584359215817838e-05,0.0048388066660939449,0.016020906158313988,0.0024078174656957893,0.00039809279522720338,0.052049999457098817,0.0074391194864187882,0.26022473344801283,0.41070318505125347,0.022254345622017446,0.00025666366904212077,0.050517723964351405,0.16726018847490162,0.02513790413262245,0.0041561366942810775
353,0.004992171260213501,0.00054264351729194798,0.025721197313465685,0.039234861252493959,0.0028580115080863292,2.2748273960523168e-05,0.004693892635934443,0.016957654542089508,0.0024826533860696698,0.00030771922787941014,0.051037623226148139,0.0055477334286151469,0.26296148689296622,0.40111886422929849,0.029218972451571547,0.0002325677095045663,0.047988162130192608,0.17336712588688913,0.025381486634720486,0.0031459774100936764
354,0.0049352751484774068,0.00057420440127441174,0.025873527439023783,0.039636672071002667,0.0024317086927190461,1.5751786567711773e-05,0.00470294147762955,0.017380638818950359,0.0025698712404920243,0.00037146611954423523,0.050108356846198708,0.005829956421090879,0.26269658869668039,0.40243521355487238,0.024689388788862402,0.00015992951123374927,0.047749449158990362,0.17646741588937476,0.026092167365194513,0.0037715337675018499
355,0.0046504924809118607,0.00058740945281590099,0.024531761821345029,0.038397000911708584,0.0025122627980254716,2.2548205952273117e-05,0.0050378575734089069,0.017155966472225039,0.0027251787447421729,0.00030870921027479129,0.048478389047151869,0.0061233652350729511,0.25572781774588382,0.40026400560412667,0.026188721691575486,0.000235050525284425,0.05251642066088661,0.17883990148014214,0.028408233311396663,0.0032180946984793086
356,0.0047314542321516993,0.00059396649015201579,0.025221471418875516,0.038971937159642978,0.0028037777884388731,1.3773222197980771e-05,0.0048473866175277073,0.017145359937804115,0.0024890401580758377,0.00023839902813432785,0.04874945018730549,0.0061197970864501853,0.25986362844428756,0.40153838884389359,0.028888079420693442,0.00014190922632127158,0.049943932849227601,0.1766532717471305,0.025645252653144688,0.0024562895415457201
357,0.0048708814898483456,0.0005824739561375911,0.024823905347557861,0.040966414522683112,0.0025442739208174025,2.1329874265089037e-05,0.0047956503661556139,0.016942595693895411,0.0023565522015818177,0.00024191396943187927,0.049628939737912277,0.0059347707244168449,0.25292836730296736,0.41740282982903681,0.025923360557253066,0.00021732802301299849,0.048862417105008257,0.17262646657460085,0.024010682141476173,0.00246483800431525
358,0.0049429892542878114,0.00057240375033416218,0.025104786980932728,0.038985842389695512,0.0024911826313478332,7.3396898092446985e-06,0.0050635481929085686,0.017181880019281864,0.0023420468969700572,0.00036810012097316969,0.050927087850590608,0.0058974144145647108,0.25865192624873173,0.40166695053747697,0.025666387319872069,7.5620036476357888e-05,0.052169193657919111,0.17702306603665655,0.024129857852459007,0.0037924960452528065
359,0.0047234968241258385,0.00052102910365472565,0.025439882703380053,0.040240096559508644,0.0026659076162715567,1.4224728127336758e-05,0.0045390400239742135,0.017398401359282226,0.0025199311730848733,0.00031520408388067435,0.048014134814891529,0.0052962376300506684,0.25859527449162012,0.40903878908187197,0.027098832169829477,0.00014459372779138577,0.04613913965775121,0.17685397482674667,0.025614988127177687,0.0032040354722694072
360,0.0045208845525646591,0.00059106788432230215,0.025417027506642521,0.039457833628058624,0.0026920361280870241,3.0594263273054025e-05,0.0048855346410535145,0.016816617480883114,0.002600084572677323,0.0002991305268417428,0.04645819408490582,0.0060740207293332408,0.26119428249834731,0.40548252704713428,0.027664306723182264,0.00031439737168646069,0.050205466192193508,0.17281345491011932,0.026719380313767662,0.00307397012933014
361,0.0051412677312429782,0.00080848423413305902,0.025726424144100608,0.039576341268422847,0.0023532652443250149,2.0834980739643218e-05,0.0048167873130884765,0.017504651775380287,0.0024363495613302652,0.00015858971769040149,0.052172837659456774,0.0082043804957530313,0.26106801290894616,0.40161495881746001,0.023880593655084333,0.00021143035620603849,0.048880057538870716,0.17763466193608274,0.024723721227846194,0.0016093454042938971
362,0.0051224464877760141,0.00063930185370529612,0.024745316388035329,0.038511451830783444,0.0026606523881933298,2.2044424894791336e-05,0.00492293464120277,0.017497104853246005,0.0025486299397610725,0.00030445196875758865,0.052822703033637855,0.0065924850650398194,0.25517387095362426,0.39713035330017377,0.027436665529383474,0.00022732225949918271,0.05076533551435182,0.18043026429207495,0.026281489278980663,0.0031395107732342018
363,0.0047606084067574961,0.00062204942639257615,0.024650359408422362,0.038833617019195632,0.0021776449603271965,1.1728015172010605e-05,0.0051985036134206825,0.017135354443354185,0.0026348607289668441,0.00031485353635136629,0.049414876300904194,0.0064568418218573656,0.25586949332169051,0.40309099538545418,0.022603845380164109,0.00012173620879159054,0.05396020656568825,0.17786411900390295,0.027349722108458076,0.0032681639030886058
364,0.0053589920017899466,0.00069558349482274143,0.024174873630799367,0.039214950026024091,0.0023371895574727749,1.7256632515403181e-05,0.0050176523580846462,0.016696928291672755,0.0025291097318087138,0.00034358779793162335,0.055599206669158123,0.0072166352312874301,0.25081280112951343,0.40685265256775466,0.024248195404569378,0.00017903648247975546,0.052057829225711873,0.17322958618313949,0.026239355203524228,0.0035647019028617025
365,0.0043355381373119005,0.00054850417680550416,0.025058333566739237,0.03971778561830152,0.0024542977085265623,2.6134320402186927e-05,0.0053185172235134621,0.016739024896349139,0.0024972852575273017,0.00031865224300148867,0.044689785683737215,0.0056538619501732322,0.25829586114158826,0.40940230967845415,0.02529836784370762,0.00026938689979740172,0.054822120656387315,0.17254223385436421,0.025741474164323059,0.003284598127467518
366,0.0053278531835107791,0.00067928866768109141,0.024859688922178675,0.041193917617766883,0.0025633624550402906,2.3696587043917104e-05,0.0046797568775397459,0.016741574692179812,0.002360607105866862,0.00020304795207550143,0.054017056236103665,0.0068870467895473337,0.25204283381482034,0.41764930224260816,0.025988946976986085,0.00024025059078514792,0.047446256816480827,0.16973639296728893,0.023933288399086802,0.0020586251662927141
367,0.0051361867773876725,0.00060821636936542948,0.026000406519867875,0.039361628406500843,0.0027282721122541429,7.5989959336760034e-06,0.0051630222308652459,0.017571332117899772,0.0023716339447719783,0.00027291306861251807,0.051765008199915169,0.0061299027298102665,0.26204484280585982,0.39670578690692698,0.027496863798684983,7.6586406193337282e-05,0.052035469055316842,0.17709249888866738,0.023902489515920552,0.0027505516927046705
368,0.0049708809796825612,0.00060343088152359085,0.025245610953858237,0.038457276760515614,0.0023559699774448268,2.7418761050667613e-05,0.0047730407458153185,0.01756544508587729,0.0023304701643905214,0.00015458071944972351,0.051520195453471057,0.0062541986190828213,0.26165559304301145,0.39858657316645746,0.024418213635889259,0.00028417898843207155,0.049469700267796408,0.18205528713129682,0.024153923390768831,0.0016021363037938821
369,0.0049601383342151879,0.00065625970526425235,0.02518536487671464,0.039323599932354396,0.0026707056712569621,1.2788665155335395e-05,0.0043114273148396592,0.01706152822408543,0.0022666306390754453,0.00035502386778817296,0.051239263180437061,0.0067792995854160099,0.26017007032073064,0.40622098626507985,0.027588946425760007,0.00013210957748911181,0.04453794309415128,0.17624914388051854,0.023414767093749851,0.0036674705766675279
370,0.0047766978315454669,0.00049957592687841813,0.026387935890356231,0.039189791535002134,0.0026922810215505386,2.8844230839965761e-05,0.0050847404045396899,0.017744308292658915,0.0025800156178206173,0.00023506012437467426,0.048142853220450567,0.0050350705379236214,0.26595580653445972,0.39498173176242818,0.027134663866057562,0.00029071204010741857,0.05124751859814574,0.17883936973997613,0.026003175745161384,0.0023690979552896349
371,0.0050014497135411297,0.00050426914557451436,0.024991483710117411,0.038675634846680206,0.0024875763890222571,1.2228280175496304e-05,0.0053911055865916409,0.016846644679970591,0.002788016140599149,0.00024366465737180509,0.051592147259123124,0.00520175739171682,0.25779811487566823,0.39895613524768275,0.025660441418271722,0.00012614007291364787,0.055611618479312737,0.17378052823324031,0.0287596092183364,0.0025135078037342284
372,0.0048874409344607638,0.00056276659553490245,0.025191732213840148,0.040257162164890468,0.0023823704089173847,1.3265186820497482e-05,0.0052712687852064467,0.016855037884336056,0.0022976193157470378,0.0002874142588263365,0.049868753517498823,0.005742160164582814,0.2570425507534928,0.41076189446295575,0.024308394577619973,0.00013535065503312291,0.053785121354709239,0.17197951669461906,0.023443641134596131,0.0029326166848922864
373,0.0045404534888864824,0.00061792563212595799,0.025392754539819519,0.039784415972394668,0.0027032611014513228,2.8101997827678564e-05,0.0044406534997919554,0.017023073155231425,0.0023560441308919946,0.00023410604191030673,0.046750582542020608,0.0063624444871517791,0.26145539646839028,0.40963851460124961,0.027834010758037139,0.00028935100254947618,0.045722996280146873,0.17527733487645006,0.024258906270818805,0.002410462713185423
374,0.0045839010214455212,0.00058643797061573685,0.02494659090915162,0.038471993444159872,0.0024636100659705725,1.7272628162624466e-05,0.0047835416568232257,0.016768265805346235,0.002337570744769828,0.00033191443552340889,0.048104189004517212,0.0061541736712781223,0.26179350699282167,0.40373124012935419,0.025853517275446696,0.00018126171700749694,0.050199249698947859,0.17596885792354905,0.024530840520282007,0.0034831630667956086
375,0.0047643487945219342,0.00057594306600685958,0.024807151233965208,0.038197946305518343,0.0022020392445961778,2.2432448807650415e-05,0.005022666289398574,0.016584585983521659,0.002665856154719962,0.00032852665934936373,0.050060669273189758,0.0060516340408803713,0.26065736307161885,0.40135910265727942,0.023137591957386312,0.00023570553903164225,0.052774901004789071,0.17426001112858575,0.028011077493902196,0.0034519438333365407
376,0.0049994102420943135,0.00068069617365638794,0.025224890761549833,0.039704718211232094,0.0026664666720803785,1.686206561560999e-05,0.0050497735132701551,0.016331977470117276,0.0025292996908591022,0.00029040828811234342,0.051278893514146585,0.0069818928461831287,0.2587314152330154,0.40725083931300993,0.027349918073406844,0.00017295401362565465,0.051795469008972993,0.16751690559699939,0.025942997920209685,0.0029787144804304154
377,0.0047031254393034546,0.00065445614529576162,0.025516074112979775,0.039622820164227433,0.0025557959289501538,1.3240090333687088e-05,0.0038246383436659035,0.017146133105700186,0.002253290671203553,0.00033533765687915871,0.048674046460438068,0.0067731616418810472,0.26407345347078343,0.41006837143872132,0.026450693564223193,0.00013702563972814785,0.039582321763788203,0.17745044017522707,0.023319976520821194,0.0034705093243883323
378,0.004951264052449264,0.00070396183599734342,0.025416134033889849,0.039356992865687133,0.0026100761043610725,2.1264753854515174e-05,0.0045401489479213984,0.01651374324710559,0.0023973640048740568,0.00038378074706368599,0.05109941502635789,0.0072652231105611691,0.2623066690860123,0.4061830052546489,0.026937234753446337,0.00021946243850753488,0.046856510360531817,0.17042973488863641,0.02474194406854778,0.0039608010127498506
379,0.0047004449471578251,0.00070445941815855948,0.025241156728631933,0.039988784590572403,0.0027421832007701302,1.5371315873796679e-05,0.0048518742855945081,0.017273717697099469,0.002717470313908545,0.0004596369774852507,0.04762592035622245,0.0071377345167497495,0.25574883517860064,0.40517497629757693,0.027784390667317034,0.00015574548235448103,0.049160235020697295,0.17502102727431582,0.027533994376184243,0.0046571408299811642
380,0.0052061146496706276,0.00069617118112340792,0.025387543709233882,0.038698232828159172,0.0025855301483472307,2.7471631998339342e-05,0.0049688427801142807,0.017297653460623542,0.0020577871536303243,0.00031642553047137706,0.05353784166134485,0.0071591781918468661,0.2610765199651196,0.39795893889100575,0.026588677547008128,0.00028250854679100792,0.051097821677573915,0.17788295003189505,0.021161555251338896,0.0032540082360759028
381,0.0045571038626734395,0.00049523069009076333,0.025630942472351613,0.039008197914466955,0.0024431487474479352,3.3695304775135496e-05,0.0053938828825624962,0.016538317219359194,0.0026286805895695685,0.00030658625671782828,0.046963126217069308,0.0051035881792816365,0.26413907224079186,0.40199806222604145,0.025177811709158809,0.00034724616747026802,0.055586532641646855,0.17043523746571979,0.027089805725843793,0.0031595174269763962
382,0.0051706369864314115,0.00053710897063775302,0.024830490750286781,0.040243096516385787,0.0024546016704775214,2.1095808095860793e-05,0.0046926073097511237,0.017775198504970575,0.0020072156632275307,0.00032758768842735587,0.052729512298385288,0.0054773704182166814,0.25321825353974825,0.4103940884371382,0.025031722263761057,0.00021513242475813154,0.047854625165203876,0.1812692615307657,0.0204693354566193,0.0033406984654034758
383,0.0044392148054924439,0.00051525199951836813,0.025173163534003673,0.038009447096016127,0.0025916103301274695,1.6953092208815285e-05,0.0050730739674612812,0.016914182919554994,0.0027392894102883304,0.0003153057465207733,0.046344409599190881,0.0053791156226404863,0.26280219652445186,0.39681012567292084,0.027055832151289254,0.00017698649056722797,0.052961757467588293,0.17658028629063804,0.028597568715093009,0.0032917214656199506
384,0.00471107066403931,0.00055531888167877021,0.025815195179525897,0.038740648222828002,0.0027561105329551869,2.6066653061503103e-05,0.005170092374056713,0.016760128703765309,0.002436490425326393,0.00021302243531888477,0.048475712874747424,0.0057140893401723932,0.26563175943858419,0.39863136721052883,0.028359672858748679,0.00026821919676570078,0.053198928934300359,0.17245744008665129,0.025070863653512777,0.0021919464059882644
385,0.005030953480034823,0.00047123781773468894,0.02483723747918095,0.038029147470889126,0.0025795800822665206,2.800095625073759e-05,0.0042480765612368078,0.016620788095782078,0.0023887979657684875,0.0003467516278807775,0.053192250779171703,0.0049823955393441003,0.26260401132655492,0.40208202226819956,0.027273889767696159,0.00029605399709152941,0.044914896285796223,0.17573152525596253,0.025256751222246066,0.0036662035579372275
386,0.0047388359589217435,0.00065196870206804937,0.026218434636288642,0.039770008907381631,0.0027363775626851479,1.5174529224432931e-05,0.0046459977807131918,0.017344950302688907,0.0020651985481248336,0.00033899625493511029,0.04809734173382544,0.0066172287318974144,0.26610691346118504,0.4036501212020967,0.027773167901592968,0.00015401556924193258,0.047155070335965422,0.17604449896477709,0.020960961970070295,0.0034406801293478291
387,0.0051676864612088379,0.00075732060855380427,0.024711253767398838,0.039164676988623144,0.0024024968527110576,2.8848347774895672e-05,0.0051214670426163334,0.016489511074334461,0.0024778976328848215,0.00039299736441954388,0.053432575616957113,0.0078305042278755659,0.25550813607362061,0.4049528895409773,0.024841211965084289,0.00029828464545540788,0.052954678477211123,0.17049738872120429,0.025620837029115311,0.0040634937024991305
388,0.0049563407983678927,0.00043155819373065149,0.024739788809828783,0.040093275106055648,0.0025107000451781276,3.1564899966780567e-05,0.0045875730925775109,0.017313129159365566,0.002385070682819269,0.00046676363350365663,0.050826046719483299,0.0044255223377603183,0.25370040379236514,0.41114660120799529,0.025746606818654108,0.00032369022746291034,0.047044425276238186,0.17754184938294199,0.02445830883827857,0.0047865453988201918
389,0.0046341807903468651,0.0005991589937809497,0.025134793205125204,0.039156169339891918,0.0024508083011137521,1.9022882837615565e-05,0.0047662018067441162,0.017229511923106847,0.0022740865265417401,0.00033941988412409429,0.047971220615833553,0.0062022587324383248,0.26018551379955251,0.40532929612664043,0.025369805585647887,0.00019691741661293847,0.049337850359047586,0.17835314480785044,0.02354045113895159,0.0035135414174246888
390,0.0049038220781366,0.00072761884362445488,0.025364473413059311,0.039587862353525675,0.0027679991758640548,3.0293993427651701e-05,0.0051852737919743904,0.018094632481474089,0.0026861235048630744,0.00031074198259753276,0.049206091486658242,0.0073010967397100727,0.25451302665290959,0.39723382000617435,0.027774747638135509,0.00030397697721196355,0.052030243456185156,0.18156575159415275,0.026953188108933202,0.0031180573399290103
391,0.0046112196371502221,0.00057424666931940355,0.024714938494720839,0.039492919164088057,0.0025049944181697939,2.7414237390914718e-05,0.0049482451898842286,0.016979022649478117,0.0026368263711568844,0.00043158242782071323,0.047576894232101825,0.0059248691667679,0.25499978470835277,0.40747363731040448,0.025845625206203367,0.00028285017315014317,0.051054201829154613,0.17518340663077056,0.027205819553301196,0.0044529111897930766
392,0.0050940646426148326,0.0005306661569584734,0.025135107600483434,0.038758789227795368,0.0025565944707976193,3.1926654505649946e-05,0.0047787586888888489,0.016335733792901333,0.0025407825482381451,0.00031448200798111484,0.053020698373524015,0.0055233477034735351,0.26161445764206581,0.40341421186109439,0.026609875180146802,0.0003323031090847839,0.049738890418432907,0.17002768415969904,0.026445299495394387,0.0032732320570843616
393,0.0051568058664535352,0.00061937750207691753,0.025334755845061074,0.039592101676515827,0.0021986967142572861,2.1296943160140232e-05,0.0049185196240787571,0.016727263545197442,0.0025360820829808612,0.00031700313125923195,0.05293271545007408,0.0063576822402590157,0.260051950155336,0.40639836099835397,0.022568813050322035,0.00021860528812719886,0.05048679481820708,0.17169920769293159,0.026031949763658351,0.0032539205427307124
394,0.0047563217917196013,0.00055736938744628626,0.025480648245812414,0.040979829392455293,0.0026028978828160215,1.0206638260011178e-05,0.0047778951382823785,0.015963925429474758,0.0022852008242378544,0.00030286694318298196,0.048674375209573253,0.0057039047993180676,0.26075919326127556,0.41937187583591035,0.026637059839171591,0.00010445082609024992,0.048895148574182618,0.16336869753528033,0.023385869842074965,0.0030994242771230146
395,0.0052761963890796499,0.00061050203616238392,0.025776077884071217,0.039304304525527446,0.0028053181213652059,1.7534502027267544e-05,0.0049732554767339529,0.017089000347315395,0.0026273791085352164,0.00044182162971385383,0.053337264953358929,0.0061715877226924468,0.26057132717930137,0.39732867196234961,0.02835906491794089,0.00017725693122213685,0.050274824036558023,0.17275333821904942,0.026560272838765119,0.004466391238761927
396,0.0049099359803315493,0.0005771766982322087,0.026051163069524472,0.039356496412534622,0.0023951124609215575,2.7394232236911091e-05,0.0050278727953736698,0.016753640597006611,0.0024881429233035023,0.00032875267087173639,0.050144528304164937,0.005894629460943622,0.26605709099448893,0.40194270479629435,0.024460967529810675,0.00027977367918387747,0.051349001434501627,0.1711027207849003,0.025411075366806542,0.0033575076489051137
397,0.0049296770527430698,0.00059086987634825855,0.02570556953185428,0.038618748106047263,0.0028696201484157569,1.832743247789273e-05,0.0051479539268354966,0.017052765485558261,0.0025621656327294248,0.00040180326551843547,0.050355494569868056,0.0060355971662276091,0.26257636212830388,0.39448145177523852,0.02931249659056822,0.00018721042306546625,0.052585141630008214,0.17418999878124819,0.026171920843012973,0.0041043260924588107
398,0.0048579895655707526,0.00055398914079798271,0.02418819292438544,0.040029372133886687,0.0027264559487363638,1.7707049675887561e-05,0.0046921694463312718,0.01728140202880004,0.002402582249362315,0.00037059328962916229,0.050020251930828812,0.0057041448969030123,0.24905354107879865,0.41216212010012171,0.028072932556428228,0.00018232049982502106,0.048312886357559114,0.17793782212394596,0.024738169519621229,0.0038158109359684106
399,0.005449454868098811,0.00064741979322811317,0.025561489312493531,0.039024875734291843,0.0026612193920069311,2.1886591365809708e-05,0.0051649104162060601,0.017413838309765131,0.0024384390310151836,0.0004302744314808489,0.055148718433351847,0.0065519162465093534,0.25868337493427929,0.39493342652782604,0.026931655090551874,0.00022149324912566342,0.052269116300839753,0.17622879517932352,0.024677108223352902,0.0043543958148398081
400,0.004624735371895377,0.00069517281853742944,0.025621188879072741,0.038898201855522077,0.0025988694432916627,2.8525833087633487e-05,0.0051097153921886513,0.017099199893366526,0.0024955230309818099,0.00029563300755186788,0.04744935719330523,0.0071324088245811662,0.26287102830318754,0.39909195350641774,0.026664160129658138,0.00029267240924468329,0.052425207347750045,0.17543620947279351,0.02560383549743446,0.0030331673156275504
401,0.0048998459940650446,0.00060895591361777117,0.025161350552904346,0.039817070694471997,0.0024636474803628574,1.2601625983912192e-05,0.00432761251779166,0.016266409785914454,0.0022776247112431093,0.00035089270597647303,0.050941357200307825,0.0063310236183784186,0.26159053727610854,0.41395905572824848,0.02561336549451082,0.0001310130831313287,0.044992119213619099,0.16911408894780275,0.023679375662871698,0.0036480637750209289
402,0.0047408053845114269,0.00069307397620575653,0.02487083035811748,0.039446111449319372,0.0025276550656247627,2.3059906238615936e-05,0.0049351046612347215,0.016687383243683747,0.0023368090457793166,0.00040639141446775101,0.049042531310674396,0.0071696894138984649,0.25728296726657329,0.40806086707500749,0.026148004957866962,0.00023854937758536291,0.051052512229417722,0.1726271063341539,0.024173747179986792,0.0042040248548354843
403,0.004824811005575992,0.0005742291828852962,0.0253928789067898,0.03855301577091267,0.0025707503942323834,1.5206317867607923e-05,0.0048546750885691391,0.017242546466443708,0.0024872336321754515,0.00036463715473391016,0.04980193854646886,0.0059272221118282994,0.26210655575365893,0.39794614130690159,0.026535413097820933,0.00015696036737718254,0.05011019709260725,0.17797841998661856,0.02567334893680975,0.0037638027999087461
404,0.0047408920978450715,0.00063002013965996492,0.025243471783444937,0.040298112455218249,0.0026988809707901421,3.4152937757430608e-05,0.0048011978757374601,0.017561590804449516,0.0021998975742576715,0.00031503923661502345,0.048119523210060133,0.0063946337751397018,0.25621840812156621,0.40902132290500764,0.027393339235490418,0.00034664848876383921,0.04873162009374845,0.17824817753274733,0.022328713710308614,0.0031976129271676264
405,0.0046928081981534274,0.00069618559147889851,0.024743769892483614,0.039588062411278706,0.0026766521404295259,9.5236469478202378e-06,0.0050212518232110653,0.017798093578557665,0.0022864847511890139,0.00025529137870236942,0.047999368652673693,0.007120783003495515,0.25308627217996921,0.40491789173734638,0.02737755463647536,9.7410552799965258e-05,0.051358782882934696,0.18204393167573546,0.023386812300196673,0.0026111923783729571
406,0.0048598678752462899,0.00050152072758856598,0.024987317271295915,0.039089842006987126,0.0025564300412533221,2.4736311635979759e-05,0.0045597444049540895,0.015929648005573449,0.0023906150455399685,0.00028143876924820735,0.051059136616885721,0.0052691175981500913,0.26252377204388694,0.41068885710521202,0.026858571895074242,0.00025988663635332743,0.047905955159085967,0.16736135521673137,0.025116472986916705,0.0029568747417035792
407,0.0051456354459866018,0.00051135354659050493,0.02518538962161224,0.040797539897241379,0.0028869123777730673,2.6188552926759741e-05,0.0050042377040941692,0.017722779023431109,0.0024089265916722833,0.00028861254151561945,0.051467895979672162,0.0051146824179477786,0.25191038635736823,0.40806690674044527,0.028875599043368207,0.00026194426947674578,0.050053601409473569,0.17726754194374833,0.024094669073293322,0.0028867727652063815
408,0.00465532455462884,0.00053673066659770262,0.025327267177774882,0.039650366781221968,0.0027733629159789391,1.971707720615289e-05,0.0046445410534704436,0.016792701492294483,0.0023565842490284382,0.00017167634004260765,0.048028551874156035,0.0055374005315067384,0.26129906759537502,0.40906915843015001,0.028612528109025676,0.00020341925773163515,0.047917299492352475,0.17324874458601222,0.024312661238139018,0.0017711688855513146
409,0.0047314896145405749,0.00046871134963233303,0.025229475155292291,0.039586898448394019,0.0028960212458639164,1.6039871742393241e-05,0.0047192452350303359,0.016656888735695742,0.0025200433481522731,0.00015645836138124323,0.048787663307667935,0.0048330089205036323,0.26014791103479828,0.40819116815975998,0.029861654782218302,0.00016539143606300475,0.048661408213897674,0.17175366440476028,0.025984845451746681,0.0016132842885841806
410,0.0045818964846900349,0.0005182497122859387,0.025793054161203356,0.03956733171674752,0.0024168765571633442,2.1973856587974245e-05,0.0046179355455142502,0.016192339016567844,0.002364423177513628,0.0003941063844512816,0.047496450856739071,0.0053722344172019102,0.2673736810742639,0.41015938109826738,0.025053612408679118,0.00022778345234361088,0.047870035787581561,0.16785159527847809,0.024509874815058827,0.0040853508113865055
411,0.0049030113526304618,0.00061270799492154444,0.025557369303784459,0.039526136910742291,0.0025948644798901989,2.3129273153980627e-05,0.0050770341097596157,0.016800749482824943,0.002212874656011637,0.00030746011210823428,0.05022787882897016,0.0062767594674138011,0.26181714792257771,0.40491727890145091,0.026582548825549671,0.00023694302252778222,0.05201061872694674,0.17211177959163421,0.02266933361804694,0.0031497110948822864
412,0.0045651990577671867,0.00065478026758465668,0.025553738731178843,0.039367836666110129,0.0026201311416922429,2.2328865322418446e-05,0.0048344959306656551,0.016600966085490103,0.0021768086664769818,0.00026999027844189103,0.04722638816015718,0.0067736163714378758,0.2643500905417559,0.40725512992826862,0.027104914542016457,0.00023098919621002516,0.050012229147349499,0.17173482651387659,0.022518801421928872,0.002793014176998876
413,0.0049231841313018641,0.0004911553129431053,0.025807494731867917,0.039233500812605349,0.0026074389714375221,1.9416887314275761e-05,0.0050666926541888526,0.017003149384595555,0.0022838420815834851,0.00033327195562940254,0.050355191655253796,0.0050236227726071564,0.26396358712293727,0.40128713451204528,0.026669343586260382,0.00019859933246093578,0.051823022023041766,0.17391119713773759,0.023359537783133703,0.0034087640745222459
414,0.0046293375373970946,0.00061268454948505474,0.025220736524183416,0.038407530038535434,0.0028032015834567152,2.72834987745777e-05,0.0048569719321074432,0.016822474759388428,0.0024500363694397614,0.00031806748053281152,0.048147875403821337,0.0063722852594238098,0.26231072371572178,0.39946125248488346,0.029154970766714979,0.00028376468316831612,0.050515409070485143,0.17496378524050712,0.025481841602101721,0.0033080917731723291
415,0.0046796670335591747,0.00060807751713865758,0.025654010890656061,0.040969365615223519,0.0026466225322799978,2.4380941243097393e-05,0.0048108422129992338,0.016886980050402685,0.0022058239258653371,0.00035364871791751604,0.047346160673560782,0.0061521761317557084,0.25955242388826277,0.41450431263630649,0.026776993909391686,0.00024667224253140601,0.048673315165026522,0.17085268354006941,0.022317248911654701,0.003578012901440707
416,0.0050023907851611833,0.00061187238459682722,0.024521680824970978,0.039323953390342899,0.0024927512815266346,2.8852881302305877e-05,0.0056442133222597305,0.016478451844664201,0.0025106422056982267,0.0003025552612832956,0.05161501065771093,0.0063133411619513517,0.25301638186291375,0.40574724377125548,0.0257203784127941,0.00029770600496502417,0.058237379543998005,0.17002579448768793,0.025904978193469427,0.0031217859032539857
417,0.0051053052985598488,0.00066526691507888612,0.0249442934749225,0.040454818962905863,0.0025413229300307555,2.3516204018181855e-05,0.0050372737305682874,0.016598084274938758,0.0022432168801912295,0.00045571052675393952,0.052058400018439484,0.0067836748556407353,0.25435501541135552,0.41251463430376784,0.025913671745525849,0.00023979289858318227,0.051364687424721452,0.16924937103531823,0.022873907601579233,0.004646844705068375
418,0.0048868493734781785,0.00065389041176981124,0.025725494056086574,0.038492240420381851,0.0024694535289260878,2.2197936382134386e-05,0.0048222132994808512,0.017619698959625667,0.0025713925813064613,0.00030930589411135864,0.050084168495202197,0.0067015688550202072,0.2636545308558027,0.39449790808676044,0.025308847722019547,0.00022750142290907304,0.049421728593019083,0.18058014562878594,0.026353597065710912,0.0031700032747697762
419,0.0050001462633229559,0.0005919599931825144,0.024757498377993761,0.03775092799491013,0.0025364870341514885,2.03882607559228e-05,0.004673602604912991,0.016872452666659724,0.0020141584042875972,0.00037983597276746773,0.05285708930884659,0.0062576733917616258,0.2617142047279985,0.39906916066745463,0.026813479973239147,0.00021552651920059602,0.049405160823790151,0.1783605299714244,0.021291887287081368,0.0040152873292030539
420,0.0051145480079672779,0.0005542462967998179,0.02500067391656946,0.039775971983582792,0.0026819914375355966,2.5843258942340578e-05,0.0047196596890429002,0.017398787505196828,0.00230193356510863,0.00030308982127450862,0.052254986440132656,0.0056626964256962587,0.25543017182934485,0.40638837946332812,0.027401722690383851,0.00026403880528585777,0.048220439551802392,0.17776221940678408,0.023518697457421005,0.0030966479298209387
421,0.005277896791838585,0.00067477944287097863,0.025161108702828547,0.039593008537125968,0.0022573767540805495,3.2361423461712897e-05,0.0046259701221496351,0.017233735930497842,0.0021575924423571091,0.00036882470223145524,0.054197503651943278,0.0069291543130983197,0.25837361634603889,0.40657146386426207,0.023180480729043048,0.00033231198627460919,0.047503019190651322,0.1769692555326399,0.022155818669072399,0.0037873757169762266
422,0.004961477524728827,0.00051147177231751994,0.025624940687993428,0.03950748948986587,0.0022930689588202746,1.7340165608986946e-05,0.0050971335987698135,0.016018025934841747,0.0024846390879271333,0.00030836567738262141,0.051242253349668615,0.0052824921623989118,0.26465497349525091,0.40803425502964963,0.02368286865162238,0.0001790896269976521,0.052643312384962657,0.16543453820433957,0.025661409326450672,0.0031848077686588124
423,0.0050543407377172294,0.00062895481822862617,0.025601295483503334,0.039888404217636057,0.0024843423043315344,2.5843087296371151e-05,0.0048272676048630265,0.016230425841022748,0.0024537754433743737,0.00030637773810187176,0.051838845999086877,0.0064507506823259829,0.26257462304487317,0.40910752770523767,0.025480165427355893,0.00026505451294575784,0.049509915328323342,0.16646415216801899,0.025166662464247511,0.0031423026675848247
424,0.0045951748066924807,0.00066969019492486956,0.024613697867081386,0.0388707165842428,0.0025661013910282574,1.6084791824426594e-05,0.0050121883709323906,0.01723799860237317,0.0024808503689214582,0.00029395384989999577,0.047689329371033241,0.0069501330473456472,0.25544419831706666,0.40340541634547961,0.026631338215465365,0.00016693008807029628,0.052017151065272535,0.17889821989986363,0.025746591879690011,0.0030506917707129374
425,0.0044385391047081849,0.00049811074944456117,0.02509340427893246,0.038348490284823095,0.0024210405166333504,2.0782423744471077e-05,0.0045664332758182406,0.016878814995135587,0.0026924970822987701,0.00018117900297377591,0.046653060210150081,0.0052355944685741184,0.26375437347411662,0.40307731531044638,0.025447325421532919,0.00021844206920137218,0.047997343616146333,0.17741161081779316,0.028300579432294193,0.001904355179744721
426,0.0041958501763597472,0.00052734274771786167,0.025878176532236459,0.03799765078296128,0.0026628205209442272,2.0085208936289672e-05,0.0047826297368460027,0.016843953387557151,0.0026454418696968485,0.00030290245397709319,0.043772041609759588,0.0055013567514313683,0.26996688926974655,0.39639993832856324,0.02777913551317876,0.00020953336376341756,0.0498934564024213,0.17571986547733867,0.027597837560785776,0.0031599457230111617
427,0.0051141195275801665,0.0005257542880842095,0.025403497371919881,0.038352925461330137,0.0023839713471602046,2.518157472901385e-05,0.0053748342704037109,0.017638818609720271,0.0027336333716052388,0.00028093969568436945,0.052273611315235606,0.0053739602984282349,0.25966005301711886,0.39202171704352051,0.02436759463990797,0.00025739168640684357,0.054938488633220026,0.1802939378111765,0.027941640310715107,0.0028716052442704851
428,0.0049585127055145973,0.00065650130311470129,0.025727936746573629,0.040579698681807802,0.0029809906793458619,2.1101938967316948e-05,0.0050841812830462489,0.017580017850421049,0.0024131706635363084,0.0002407698131349207,0.049464985674119916,0.0065491064523227034,0.25665599710545733,0.40481376839537808,0.029737679422407595,0.00021050810408403676,0.050718626585511919,0.17537422666170269,0.024073237156027799,0.0024018644429879277
429,0.0044731585241542205,0.00050454378167818592,0.024866214218722395,0.038849927985997346,0.0027089452903878274,1.2626554620151047e-05,0.0049094112389758407,0.016433702560036574,0.0022212383124681091,0.00022026908964728058,0.04698694075084401,0.0052998275486787457,0.26119962614421793,0.40808731785282876,0.028455296446440532,0.00013263182393843514,0.051569425443267043,0.17262285795056478,0.023332326010327965,0.0023137500288917309
430,0.0049157971979750768,0.00059966154885734914,0.025494773854909714,0.040428121081568381,0.0030235693812228066,1.7868117520882788e-05,0.0049477855409006573,0.017408507816438466,0.0022922795285403737,0.00034138709991718722,0.049420021064292018,0.0060285819740862352,0.25630680237541148,0.40643633473404067,0.030396872875661108,0.00017963368070290147,0.049741609713605132,0.17501308299306351,0.023044991081482162,0.003432069507654757
431,0.0049997627385934881,0.00043644748447746364,0.024609596110182125,0.040295907599282199,0.0026265523484667107,1.8891308946849914e-05,0.0047735416929948482,0.016244773840065337,0.0023854158103869825,0.0003505526118751583,0.051681705985886076,0.0045114841944258553,0.25438525328016548,0.41653201519046323,0.02715022958633078,0.00019527628124095639,0.049343297109760556,0.16791949324492367,0.024657641774654581,0.0036236033521488678
432,0.0053332799997411516,0.00071410061823955326,0.025167954579034917,0.039963164760750319,0.0025661423672769311,1.4077219333617863e-05,0.0046741949750068951,0.017100335989595483,0.0025601891016272535,0.00031616681515720746,0.054194709169621422,0.0072564116875952047,0.25574692850764236,0.40609007811546416,0.026076136878087571,0.00014304720692321041,0.047497344464363239,0.17376693811386554,0.026015642116794441,0.0032127637396427585
433,0.0050971853378067606,0.00067301127673303422,0.025898183401130394,0.038521710372633494,0.0025901115522944337,1.0622194700075853e-05,0.0048380008885275513,0.017244679079951527,0.002371355025987561,0.00033493344120086993,0.052236074739550102,0.0068970353287396181,0.26540519014011765,0.3947713902406409,0.026543523859314969,0.00010885650010324396,0.049579946432137326,0.17672387515489124,0.024301701853516173,0.003432405750988729
434,0.005091914074509909,0.0007116871759558634,0.024734831971530011,0.038563501937460908,0.0027913168987407735,1.3310968523494912e-05,0.0049699040359296922,0.017272146675552442,0.002366691431088253,0.00026035936903675221,0.052615645666718738,0.0073539890358903081,0.2555893786886243,0.39848346298038378,0.028843169530861443,0.00013754458403355204,0.05135489443176447,0.1784761361024991,0.02445543972628493,0.0026903392529393235
435,0.0046218736970866708,0.00064592621744576366,0.024719178599881347,0.039840674337632741,0.0021808307729031411,2.2352312898007402e-05,0.004827977757852671,0.016991596491274324,0.0022667832662736356,0.00039723501451995139,0.047887904124409554,0.0066925352789243909,0.25611899684135314,0.41279500868554425,0.022595904130867296,0.00023159555781312148,0.050023378208834457,0.1760523971496013,0.023486470388524812,0.0041158096341275133
436,0.0047451592294356732,0.00061496900636601258,0.024975063411946843,0.040081633172592356,0.0026661015540121258,1.9355663520080127e-05,0.0052156201535051398,0.016135138840693636,0.0023938261709224046,0.00035561019235694924,0.048817266355627005,0.0063266803773400935,0.25693854808212219,0.4123519713347274,0.027428329250995347,0.00019912726546418073,0.053657275959044445,0.16599513997022169,0.024627213575905124,0.0036584478285525317
437,0.0048410571349287246,0.00068731961930920996,0.025622347165207348,0.039892570983353824,0.0027750409842342274,6.4958515106097269e-06,0.0046760871166875266,0.017334154395543571,0.0023430132987179767,0.00032898621424472593,0.049144259382670509,0.0069773631479000259,0.26010667504718915,0.4049716417727014,0.028170982106939343,6.59429960546038e-05,0.047469557113962689,0.17596862752300355,0.023785229151388237,0.0033397217581906651
438,0.0050604030191636444,0.00062046217122658565,0.025717059192702056,0.038878967361544226,0.0023183016844330077,2.2455743866393701e-05,0.0051922693410377859,0.017268264429980036,0.002349662022896346,0.0004186459383003616,0.051717777227893162,0.0063411795914893234,0.26283067440437319,0.39734656809749441,0.023693253207008748,0.00022949973635908569,0.053065462981917479,0.17648322663629698,0.024013758706728078,0.004278599410439613
439,0.0049823998345672835,0.00055208218759246128,0.025006985946756398,0.038652463139999899,0.0026434004985838437,9.7282452301235095e-06,0.0048976397972304514,0.017400740402605502,0.0021992117214149542,0.0002799706701884033,0.051564494727481751,0.005713680153435631,0.25880552300430137,0.40002705482584089,0.027357421242305262,0.00010068080975679453,0.050687285221324999,0.18008598597795117,0.022760365482262877,0.0028975085553392269
440,0.0050196696095175545,0.00072657952596886057,0.025916346734744158,0.039602812326768572,0.0027258906545048261,1.9467330209670498e-05,0.0051135983630566069,0.017478122363196281,0.0024775762390274007,0.00022495706749584699,0.050547994438503982,0.0073166444596609037,0.26097720617514825,0.39879970057133179,0.027449676246146987,0.00019603571065816052,0.051493855517190386,0.17600441876397724,0.024949153967000485,0.002265314150381927
441,0.0048416812280513855,0.00045237474844937714,0.024790378513472825,0.039527137330765565,0.0025946016674612544,2.1785605900628338e-05,0.0051590646090191429,0.016667341304045864,0.0021709025303314222,0.00040064465707694951,0.050107482745433245,0.0046817125776617311,0.25656035684871714,0.40907388538977257,0.026852027665586604,0.00022546339181521958,0.053392143906806258,0.17249349502111858,0.022467084460324704,0.0041463479927638484
442,0.0053984947813251541,0.00049500860345035892,0.025745990214353909,0.039370231583402103,0.0025854230955472159,1.6849205353121095e-05,0.0047988976490459479,0.016587513687312934,0.002156139369613474,0.00026406133612518374,0.055415436615428505,0.0050812530158381866,0.2642820539088781,0.40413460811185964,0.026539314286452457,0.00017295674240459788,0.049260584527110858,0.17027048289953298,0.022132725770926127,0.0027105841215685198
443,0.0044761510177639815,0.00059837692453907569,0.025198298043886326,0.038691288582244944,0.0025577458569206223,2.2777439826073334e-05,0.0050356892635806021,0.016756775500425345,0.0026365820913150984,0.00038730106188258597,0.046451901476730728,0.0062097426638039075,0.26149896495239805,0.40152441642329006,0.026543375787965357,0.00023637616034265588,0.052258590161716217,0.17389584969862962,0.02736151015795317,0.0040192725171703976
444,0.0048022190113231472,0.00055315053969584593,0.025897300101723999,0.038932378236362565,0.0027510090970543359,1.931816735709562e-05,0.0050343955907408717,0.017072855613024868,0.0021261763183328211,0.00035894415105209307,0.049229420130597161,0.0056705619318787323,0.26548332426110105,0.3991109943886394,0.028201667250629555,0.00019803806838739212,0.051609552803782099,0.17502050194313135,0.021796262727736999,0.0036796764941162616
445,0.0050348655008706214,0.00060647571234344875,0.025119222292047019,0.039588817780114027,0.0030050940396511797,1.836948930109116e-05,0.004759428269901906,0.016734831083145107,0.0024481966087517796,0.00020238527869024774,0.051630280665605967,0.0062191355935428769,0.25758632416613181,0.40596551642807077,0.030815887468473798,0.00018837084886084502,0.048805795773564052,0.17160816422303293,0.025105154847251038,0.0020753699854658505
446,0.0050281879899149772,0.00065085971525289548,0.025291192999898147,0.039616640728789274,0.0030555206705115919,2.5922796251696861e-05,0.0049475694997302326,0.017531713218298293,0.0024656920989561903,0.00034686241191379656,0.050810223848806804,0.0065769871557108325,0.25556943779859148,0.40032918172607479,0.03087626985202982,0.0002619518369196851,0.04999556784532095,0.17715930169307054,0.024916007066855261,0.0035050711766198392
447,0.0051597794776026291,0.0006338976363317692,0.025348173961856707,0.039335499727478039,0.0027308644560434469,4.0538827838149772e-06,0.0047859620051482555,0.017234618810552133,0.0025079376820389162,0.000384017384830352,0.052583844383747746,0.0064601161365102702,0.2583258530346616,0.40087213133916655,0.027830521093590736,4.1313537212083482e-05,0.048774231999189066,0.17563977636663627,0.02555865136657836,0.0039135607427074112
448,0.0048207768883963926,0.00059941315700456942,0.025165545166694975,0.039977405470032625,0.0027989311117839616,1.894723260039583e-05,0.0045742145715157662,0.017220972209474446,0.0024131255026844278,0.00019868246163589601,0.04929823914457547,0.006129720135263487,0.25734795294457807,0.40881703112730239,0.028622435448120768,0.00019375823139845046,0.046776843041204871,0.17610514361870064,0.024677109285757306,0.0020317670230985321
449,0.0048069692807573717,0.00061388948126439244,0.024293220537132721,0.039464247083642476,0.0024835713760270714,2.8100576417074691e-05,0.0045574163563896182,0.017595412165164259,0.001987065361216719,0.0003732311867108799,0.049966873326291593,0.006381180356086617,0.25252008123407949,0.41021793978162235,0.0258159120840473,0.00029209630022984515,0.047372852305602953,0.18289855404321004,0.020654894465923071,0.003879616102906676
450,0.0051603819843416372,0.00066898241530811736,0.025745259696103806,0.039980755160909882,0.0026049417940066755,2.0036196168201223e-05,0.0051867866456530584,0.017131274100761495,0.0024300584532025676,0.00030037126335976896,0.052004856485209375,0.0067418138046356152,0.25945337762455156,0.40291463706027886,0.026251859757805168,0.00020191906517744783,0.052270955124071324,0.17264408986044244,0.024489435373763777,0.0030270558440643643
451,0.0051357194327996099,0.00063261441726473382,0.024500598577093892,0.038756575221079614,0.0023605210704319094,2.7341087988291306e-05,0.0048140655469141582,0.01661916024977261,0.0024000978645985107,0.00032014784119745621,0.053739554038272783,0.0066196016170330992,0.256371333837843,0.40554416877407695,0.024700210220363644,0.00028609387538349232,0.050373806238311898,0.17390090560817795,0.025114337062105519,0.003349988728431843
452,0.0044718533553099859,0.00065674377667119827,0.024997186229231041,0.039867853032972182,0.0026038880938558215,2.3034458859608018e-05,0.00491736089954485,0.016541705996684929,0.0024279430086759746,0.00032407818727762971,0.046181733886082252,0.0067823257865904426,0.25815099705101235,0.41172338023828825,0.026890878896285209,0.00023788151460762451,0.050782580384696983,0.17082954284572233,0.025073858422505271,0.0033468209742092388
453,0.0050116695842852884,0.00067514761294142718,0.025315159046699034,0.040831721761187101,0.0025837007028644398,2.4183717670331561e-05,0.0050317398741890418,0.01717955539315219,0.0018218165716453534,0.00023178533409086958,0.050773460918263978,0.0068399523079551465,0.25646907021315762,0.4136680988642461,0.026175593672958949,0.00024500638426825147,0.050976793971831948,0.17404688590853246,0.018456909607673662,0.0023482281511118079
454,0.0045377304794152152,0.00056636309267424096,0.025324388132445991,0.040023371366065166,0.0024347404176876942,1.5599420054878502e-05,0.004814690843339714,0.016955277032573209,0.0022407737735531748,0.00040694837442281688,0.046626961959818899,0.0058196031027762662,0.26021802913676356,0.41125585194070885,0.025017913547872899,0.00016029016460840823,0.049472838419795308,0.17422212729519904,0.023024830137881681,0.0041815542945750558
455,0.0050044580007363865,0.00068519417965901149,0.025551479214756256,0.03953222389687501,0.0027686389399270693,2.0135379082841607e-05,0.0048846935778203071,0.016866966388795361,0.0022858497378458373,0.00033363354016849734,0.051100691877334938,0.006996541213003739,0.2609070285276166,0.40366489083988188,0.028270666946947354,0.00020560304476413243,0.049877773257096567,0.1722291709136872,0.023340889885449943,0.0034067434942177859
456,0.0049481128689432188,0.00064537223476338773,0.026605199061626755,0.039503429004087709,0.0028007090498727146,1.8789355152722009e-05,0.0053978482656700764,0.017376430903967847,0.0026398211657292147,0.00024165577427754374,0.049393520545948741,0.0064422957967768309,0.26558093586094333,0.39433486741897206,0.027957502923262434,0.00018756087913962907,0.053882911783948682,0.17345665299136562,0.026351472660510279,0.0024122791391325434
457,0.0052571674742861226,0.0005603492113476742,0.025570877936657129,0.040461063660037093,0.0023124750173921728,2.6880766189894743e-05,0.0050949161500917061,0.017084612276834225,0.0024346475297049855,0.00038768571341307262,0.053000621633839055,0.0056492125614642013,0.25779517829606174,0.40791196712627087,0.02331343143127676,0.00027100093824798042,0.051364869855856116,0.17224010372016743,0.024545124948901705,0.0039084894879140991
458,0.0048635748021285024,0.00063480141267636991,0.024744764585466407,0.039157096323177834,0.0025382937393563978,2.3621512320010515e-05,0.0047578762697096993,0.016492813045031581,0.0022896731594910743,0.0003328952353084839,0.050749246002409217,0.0066238711987098593,0.25820064382888847,0.40858693345793862,0.026485969404356144,0.00024648000461564205,0.049646328695273752,0.17209518935079327,0.023891723919877306,0.0034736141371376783
459,0.004878653527682849,0.00053544889161311288,0.02541405130600476,0.038680117570450145,0.0022961162321538239,3.3045167036382535e-05,0.0051358315301276271,0.017638445489804814,0.0024899803099856848,0.00020836051075239658,0.05013514535065889,0.0055025034789922336,0.26116573947008931,0.39749355136029618,0.023595879557307773,0.00033958637216295888,0.052778017294812914,0.18126026440968548,0.025588110336808956,0.0021412023691853386
460,0.0055098494361951319,0.00076470369080726256,0.025346889455396315,0.038960891738290968,0.0019775571453506972,1.3307519465960403e-05,0.0048059185405012871,0.016073053705398656,0.0023534702958226583,0.0002180452338273597,0.057380107159452721,0.0079636985060794231,0.26396496854436635,0.40574251054576344,0.020594472177178705,0.00013858580017943496,0.050049302444096451,0.16738634234482758,0.024509268235857196,0.0022707442421986954
461,0.005165395241279909,0.00046769725418399719,0.024970391652846386,0.039820560546738354,0.0027650400188814232,2.4870289424358256e-05,0.0042994239451088516,0.017257207902637926,0.0022621827158992363,0.0003045641690966578,0.053066948138156635,0.004804911293872372,0.25653457614266079,0.40909853412155961,0.028406777880089201,0.00025550617085718698,0.04417034841703734,0.17729279445259935,0.023240648054245156,0.0031289553289223864
462,0.0053649785940901203,0.00049873434023514933,0.024951073018922538,0.037726797230190061,0.0026077277118684771,1.6584794811864757e-05,0.0050737677929514422,0.017525936070894196,0.0023501140153309227,0.00036499697766390038,0.055606748371519313,0.0051692647930117342,0.25861203630728302,0.39102942978252464,0.027028487840574673,0.00017189751938852769,0.052588416525829379,0.18165222842512183,0.024358382126415678,0.0037831083083312354
463,0.0047982406151913515,0.00057641936093269345,0.025155004142346223,0.03851363608121601,0.0025927196425446419,3.3250383002116847e-05,0.0046612776148629749,0.01760606677214081,0.002161886740736702,0.00042707058799662604,0.049709527938624369,0.00597167516692054,0.26060455935686838,0.39899930460675109,0.026860443200794604,0.00034447227126974182,0.048290598243888802,0.18239795339319756,0.022397036321719969,0.0044244294999650404
464,0.0049696932007640363,0.00076398356226542506,0.025000891254124767,0.039297203047315772,0.0025074176843505828,2.0342830269252001e-05,0.0050492628699753163,0.01667908489686663,0.0022720968129748922,0.00038155230963106694,0.051264852940470645,0.0078808697813484031,0.25789660684212107,0.4053701614584056,0.025865258408467966,0.00020984639494160895,0.052085653586677751,0.17205304228599827,0.023437806777642241,0.0039359015239263453
465,0.0051384435498276829,0.00078084716928582937,0.025585031623066939,0.039052737952816066,0.0024897069525586617,2.968287905396024e-05,0.0050078261380260489,0.016715847365481644,0.0023579363108562753,0.00033372440122475121,0.052706426336312159,0.0080093638100318509,0.26243269415669973,0.4005746557652517,0.025537607803132897,0.00030446544038801069,0.05136664768026495,0.17145903604357807,0.024186000151355091,0.0034231028129854792
466,0.0044811589820792771,0.00057305949214889586,0.025148576100834416,0.040184624345828139,0.0022404781756139771,1.6237266617774672e-05,0.004492318265128528,0.01614889958122075,0.0025115288583496915,0.00038073993726970998,0.046592533015992019,0.0059583454670662003,0.26148053817533268,0.41781678446487014,0.023295213088036119,0.0001688258292115081,0.046708560870836344,0.16790703920994166,0.026113443357231137,0.0039587165214822221
467,0.0046948533308654285,0.00061322498415980768,0.024140999683237439,0.039387813004452626,0.0025943636284047672,2.1779466214743602e-05,0.0048660426684268166,0.016454224315074473,0.0021029816209334638,0.00044556704185113439,0.049252646098379205,0.006433204829838576,0.25325777613598027,0.41320865164063408,0.027216882964216628,0.00022848346180148659,0.051048554780615457,0.17261755158266484,0.022061905288133621,0.0046743432177359049
468,0.0047757842645104256,0.00067275537400445602,0.024495674063039929,0.038847401301497997,0.0029878650819997869,2.2846895986259095e-05,0.0045988253636211895,0.01610526984563505,0.0022654273915378642,0.00029963054346077194,0.050233616413844287,0.0070763111410260858,0.25765533502536547,0.40861256446519406,0.031427564586794174,0.00024031282521476901,0.048372291643723704,0.16940169464501953,0.023828674893377918,0.0031516343604400809
469,0.004545330159739595,0.00045937341269787138,0.025222495407511935,0.039136813545181039,0.0027648471010171686,3.4177361947843911e-05,0.0049609044978770889,0.017556685682141884,0.0026136544491522618,0.00029436171298440625,0.046576425336272785,0.0047072425337782329,0.25845728095795056,0.40103860664132401,0.028331648096188926,0.0003502186400130989,0.050834854636607897,0.17990500823674799,0.026782362782802063,0.003016352138314421
470,0.004977041262353982,0.0006793939145059055,0.025191988312638334,0.040655892349518379,0.0025763880574212867,1.4274906012556724e-05,0.005176917355138891,0.01712823873378334,0.0026175048593103842,0.00023312375599115649,0.050146125697252651,0.0068452260768776746,0.25382160723573954,0.40962800600304128,0.025958370156497938,0.00014382666196413485,0.052159975119896826,0.17257538510151144,0.026372642051608674,0.002348835895609809
471,0.0048198795012246816,0.00061171184539473168,0.025060437745403358,0.039838338199409955,0.0029672122826661434,1.0562891698881207e-05,0.0048951039486590511,0.016707425777158329,0.0023858366148724998,0.00017450382852331875,0.049449363158595237,0.0062758334899560564,0.25710657012710475,0.40871985549784146,0.03044199708663271,0.00010836956971438178,0.050221125402576984,0.17140917412770501,0.024477396411243631,0.0017903151286297206
472,0.0048620777129185309,0.00085349508280375768,0.025241291589637463,0.039352645371814106,0.0025518347982913087,1.3784145353317556e-05,0.0046410253952162226,0.017549658698013743,0.0025686060737486159,0.00018033446820714776,0.049706997636816297,0.0087256273076916115,0.25805198836346194,0.4023180965005711,0.026088444853768437,0.00014092092330864989,0.047447089901395546,0.17941729748812812,0.026259904422855078,0.0018436326020030884
473,0.0049544648244884189,0.0006927039752121437,0.025524595439310724,0.038681557850810198,0.0022884197284556464,2.4719266716006924e-05,0.00524858526075933,0.017374888823750375,0.0023914870871213057,0.0003469748826602505,0.050800228136762465,0.0071025875081578973,0.26171449739769614,0.3966184104878443,0.023464137580231716,0.0002534571206035951,0.053815969653060181,0.17815210065368517,0.024520930900832121,0.0035576805611264289
474,0.0048920897791254522,0.00072577992125037044,0.02522645446656482,0.039609623305341742,0.0022618513469913381,1.8970220469890716e-05,0.0050628632848274862,0.017136676636456977,0.0028138351392209926,0.00037270615466832989,0.049857800522680261,0.0073967960873229125,0.25709575896485443,0.40368202275496157,0.023051689229303063,0.00019333526381606144,0.051598241063690299,0.17464867652426563,0.028677239668334152,0.0037984399207715938
475,0.0045418364065096832,0.00051337535744632866,0.024873254397592946,0.039842840128034115,0.0024511113153977862,1.4858585234434326e-05,0.0047781268309272529,0.016956054978122744,0.0022973513860042316,0.00021008835168330269,0.047075956639687992,0.0053211154924886588,0.25781030858591708,0.41296947894931979,0.025405672876577391,0.00015400865456553897,0.049525097643162236,0.17574884638869923,0.023811957224759137,0.0021775575448229421
476,0.0047779512910673862,0.00054081367247521724,0.026027731812997008,0.038683794000910821,0.0028061670345428825,2.8565932049571425e-05,0.0049250101549550883,0.018046293829481669,0.0023350424438885061,0.00028097807203543722,0.048530597555746811,0.0054931515816430436,0.26436882692106362,0.39291895714747221,0.028502794342464007,0.00029014982942466509,0.050024303561850753,0.18329978056676258,0.023717488567076807,0.0028539499264956247
477,0.0051406598430594301,0.00066426639764931446,0.024759292810792491,0.039767975444105978,0.0025388756155510384,1.7915129203528265e-05,0.004890549161659612,0.017254173004650757,0.0022188640891245871,0.0002923736422318614,0.052700422720882822,0.0068098495181822139,0.25382445780001683,0.40768873659043303,0.026027751740066742,0.00018366025198105244,0.050136366930540174,0.17688433757623895,0.022747094541750348,0.0029973223299079748
478,0.0041216000217169924,0.00044499159605400031,0.024960688906012121,0.039241724760418643,0.0028505743599574985,1.4833772672991033e-05,0.0049071538010081114,0.016144913046429375,0.0022746679953798915,0.00038481821674784546,0.043227838303335868,0.0046671255481390101,0.26179071678077792,0.41157194384444967,0.029897167812160643,0.00015557839750529012,0.051466821118467114,0.1693297959324371,0.023856992376735484,0.0040360198859917757
479,0.0052730949176496428,0.00066543715972552323,0.024218247271883396,0.03854927619252134,0.0026837752101647461,1.1004896983575615e-05,0.0046598841139091759,0.015801751885700502,0.0024240981075595307,0.00042460030001120893,0.055675533461636721,0.0070259628228782943,0.25570634654324365,0.40701932168807586,0.028336417009470247,0.00011619428813999565,0.049200998268193442,0.16684148106648089,0.025594637951610672,0.0044831069002702418
480,0.0052715674945299504,0.0006633015193387346,0.025061694201154377,0.039531759229919188,0.0025533517748314136,2.5386729054737496e-05,0.0045693269084954918,0.017098074739850509,0.002297851535338096,0.00029879451721237521,0.054138928555219297,0.0068120978443908147,0.25738326849403897,0.40599064525523287,0.026222889009271111,0.00026072137214809484,0.046926927010072644,0.17559700178990229,0.023598904923679213,0.0030686157460447019
481,0.0052809378225623935,0.00063881472616200404,0.025851132348894808,0.040586433760796521,0.0026746601010023087,3.123314765217009e-05,0.0048170263817036369,0.017897741283093609,0.0023139264669790622,0.00036842786787603883,0.052567392693177242,0.0063588752029745755,0.25732676115627479,0.40400456759860098,0.026624041519568622,0.00031090029703833232,0.047949535845423795,0.17815729439752476,0.023033234879823748,0.0036673964095931054
482,0.0049465442196611345,0.00057869350965230714,0.026409652925170314,0.039356720899441838,0.0027250408089665714,2.8040022896298605e-05,0.004907472008836785,0.017843288851389409,0.0023981489105644798,0.00032817727433890579,0.049703132801144537,0.0058147423906744046,0.26536556195221855,0.39545837227278352,0.02738135134388477,0.00028174760395800882,0.049310533200858341,0.17929029156653226,0.024096724599152981,0.0032975422687925959
483,0.0047485646614617389,0.00071379733318250769,0.025690203501666311,0.04029869274462345,0.0027686168566733371,2.4770892364913227e-05,0.0052319001663399351,0.016580568349208361,0.0024832051883854449,0.00031486716779761134,0.048035564063066159,0.0072206361228277852,0.25987714268960299,0.40765380172717197,0.028006794024339622,0.00025057756857581185,0.052924892789482633,0.16772583083985507,0.025119624647105251,0.0031851355279728937
484,0.0048604250974270177,0.00052522613957305152,0.025065568950231092,0.039481281945511891,0.0024206045712882249,2.0789778664463085e-05,0.0049179127339736613,0.016206914650262506,0.0024336450472432969,0.00035561592468562483,0.050478002063923152,0.0054547422552463243,0.26031876139248988,0.41003331839984319,0.025139217269310784,0.00021591249104709219,0.051075040589995228,0.16831710288033327,0.025274649285848418,0.0036932533719627909
485,0.0049595855901560766,0.00057341434472220408,0.025164797190585932,0.039949504036257244,0.0024515485822323743,2.7106747416376966e-05,0.0050174748139489135,0.016612730619379373,0.0022587337939553795,0.00034829000878643866,0.050939023339273228,0.0058894369615988852,0.25846316554423937,0.41031426547701888,0.025179420372452365,0.00027840859164427839,0.051533593282320211,0.17062640766382944,0.0231990539039931,0.0035772248636301396
486,0.0048478361681458682,0.00052777431864913383,0.02616160616562993,0.040371861922261956,0.0027059831306901518,1.8550408995665982e-05,0.0047926934073132402,0.017159754294068647,0.0023847066662625667,0.00014853142051817836,0.048909105196777901,0.0053246373795756479,0.26394059198598047,0.40730576967927951,0.027300265316154305,0.00018715234458083752,0.048352778003188913,0.17312223408747252,0.024058954378464871,0.0014985116285249546
487,0.0051687302789705496,0.00064526751778550321,0.02629619222603943,0.039914027191910943,0.0025644453891614455,3.4649598459187303e-05,0.0053804542152966562,0.016835930151030642,0.0026787707935355298,0.00028386429369117402,0.051789674581876083,0.0064654553363581611,0.26348274423796864,0.3999308085259442,0.025695245257432123,0.00034718225400443844,0.05391110734615389,0.16869275368316058,0.026840763628368375,0.0028442651487335944
488,0.0048477330331888726,0.00054132984212800861,0.024796692471146783,0.039046618054022875,0.0023019699092190105,1.6969690102998726e-05,0.0050923903216041318,0.016818170607512766,0.0024094111666029634,0.00036057170142465145,0.050375553320325873,0.0056252665192795953,0.25767654596405865,0.40575563387922892,0.02392107962829931,0.00017634170915775189,0.052917926465338341,0.17476718383392215,0.025037562890288648,0.0037469057901007687
489,0.0049151420003632996,0.00045547330764105192,0.024431738701900851,0.039582957296839652,0.0027762226992018566,2.5498027484724026e-05,0.0050254314482176292,0.016780048106226114,0.0026220525208247268,0.00032125220972316549,0.05070511795369443,0.0046987101872116516,0.25204036680978043,0.40834191942856457,0.028639803167100616,0.00026304031320029244,0.051842875410567146,0.17310472788618786,0.027049367513567783,0.0033140713301251699
490,0.004925525997043355,0.00063329874318087049,0.025386997905269403,0.039945846326579007,0.0025415449106227371,1.1323221843360593e-05,0.0050528479400407424,0.01742472210076498,0.0025017931513996502,0.00031130719353762921,0.049886217107794742,0.0064141126481473661,0.25712203934719224,0.40457550393572411,0.025741019593977111,0.00011468271684621834,0.051175746407765267,0.17647931820551507,0.025338409823526184,0.003152950213511938
491,0.0048460171070690396,0.00068383189286539022,0.025404395517800649,0.039252090527759555,0.0026232514003148417,1.4258415012245172e-05,0.0045377295091871004,0.016596654005055275,0.0026673254925918296,0.00025769816780715754,0.050019141649943859,0.0070583086188630503,0.26221658526183289,0.40514835849432207,0.027076417700704642,0.00014717110246284911,0.046837089113463209,0.17130570719261412,0.027531337321495812,0.0026598835442975207
492,0.0045160764153572555,0.00058601247318888067,0.025879991288972507,0.039700133517034948,0.0024710821702314143,2.2137345536687145e-05,0.0048211716707271769,0.017194878302378747,0.0024212696440247864,0.00035778679304171793,0.046096269683223765,0.0059815172546655521,0.26416095480562979,0.40522522046750287,0.025222706538144835,0.00022595920796639475,0.049210422739354324,0.17551070320716913,0.024714262607963524,0.0036519834883799473
493,0.0047695781260923258,0.0005000351864489366,0.025605006039688398,0.038187262275713771,0.0025969878966713256,2.164058396607419e-05,0.0052396745163101966,0.016771326671591345,0.0029020620760492762,0.00030052284084956869,0.049224651578241775,0.005160636261550485,0.264257648714745,0.39411340595630689,0.026802333662849911,0.00022334264740358448,0.054076303109028744,0.17308925235916695,0.029950865836638016,0.0031015598740686333
494,0.0048568909349955437,0.0005797080548499415,0.025922731678470756,0.039429158354667246,0.0025907217625880385,2.7828021821272486e-05,0.0053371317509103497,0.016908630016399709,0.0023334038963945284,0.00026693376553606869,0.049432425489536823,0.0059001479775004154,0.26383616995559261,0.40130177073536144,0.026367827115593285,0.00028322781664491282,0.054320216602714202,0.17209251856848445,0.023748899406904896,0.0027167963316671252
495,0.0047739751622115226,0.00058394523442489659,0.024490463556169677,0.039158716280468762,0.0027818135839092653,2.4792567718784566e-05,0.004821749213607911,0.016787728785077179,0.0026193286191556987,0.00026241382807155856,0.049571453084620021,0.0060635032250296889,0.25430125292752226,0.40661176503733049,0.028885475286183925,0.00025743820731351761,0.050067523773509238,0.1743184833582731,0.027198282635708067,0.0027248224645095979
496,0.0047064853627369922,0.00056711820602079691,0.025290946444302204,0.039680215443511462,0.002577978574204724,8.3677221755320045e-06,0.0047794462143614198,0.017607259926071435,0.0024335072927488396,0.00025448526217324973,0.048071563282977688,0.0057924877330976171,0.25831915724404919,0.40528968875102911,0.026331211216170589,8.5467064081452872e-05,0.048816778008133867,0.17983876386343689,0.024855596226678583,0.0025992866103449041
497,0.0048793491525248997,0.0005445043273467245,0.025337982624193692,0.038874759570687478,0.002377758019412876,1.6741311106919829e-05,0.0052732809391897451,0.015849625500346982,0.0025114978381638466,0.0003102385242567732,0.050839402374016802,0.0056733539099264579,0.2640040410534355,0.40504778039600559,0.024774574009409259,0.00017443274195552672,0.054943895818558686,0.16514200216081087,0.026168049296044625,0.0032324682398367837
498,0.0047141060497920065,0.00063647372820598372,0.025709758188293803,0.040570658737155839,0.0024441560130384165,2.8184525366234338e-05,0.0046073154827779659,0.016585445907627849,0.0022742945383107038,0.00030886222981675718,0.048162463338206361,0.0065026417048476707,0.26266810145955127,0.41449701033377523,0.024971134108451636,0.00028795197972177582,0.047071419412941483,0.16944801878378937,0.023235715566158107,0.0031555433125571215
499,0.0048315137603829762,0.0005355727827018944,0.024962609409441745,0.039302402030150507,0.0023416871275988346,1.1010581223337459e-05,0.0050842990953743174,0.017000958031563696,0.0023631952479566979,0.00031986609830359696,0.049936519378162354,0.0055354578229928368,0.25800316222327729,0.40621330248087051,0.024202705492380398,0.0001138007940973842,0.052549203602062763,0.17571484058511938,0.024425004490645729,0.0033060031303912985
500,0.0048766750787115586,0.00055866690185798432,0.02493980767435957,0.039470473269317255,0.0023683325359769112,2.1626824754808623e-05,0.0047804020568166716,0.016988783022954413,0.0022918284671790017,0.00024522910507235231,0.050513599488034217,0.0057867862164667893,0.25833163699395911,0.40884324794019761,0.024531673577979224,0.00022401508122434454,0.049516383805010708,0.17597329482885413,0.023739228760949575,0.0025401333073243582
